food_id,food_name,category,price,shop_id
202108B001,現打果汁(杯),[202108B]無酒精性飲品,200,[AH01]阿霞飯店
202108B00101,現打果汁(壺),[202108B]無酒精性飲品,500,[AH01]阿霞飯店
202108B00201,桂花酸梅飲(壺),[202108B]無酒精性飲品,260,[AH01]阿霞飯店
202108B00203,桂花酸梅飲(熱),[202108B]無酒精性飲品,200,[AH01]阿霞飯店
202108B00302,酸梅氣泡飲(半壺),[202108B]無酒精性飲品,0,[AH01]阿霞飯店
202108B00303,酸梅氣泡飲(乙壺),[202108B]無酒精性飲品,0,[AH01]阿霞飯店
202108B004,柳橙汁(杯),[202108B]無酒精性飲品,100,[AH01]阿霞飯店
202108B00401,柳橙汁(壺),[202108B]無酒精性飲品,180,[AH01]阿霞飯店
202108B005,柳橙氣泡飲(杯),[202108B]無酒精性飲品,120,[AH01]阿霞飯店
202108B006,可口可樂(杯),[202108B]無酒精性飲品,110,[AH01]阿霞飯店
202108B00601,可口可樂(壺),[202108B]無酒精性飲品,260,[AH01]阿霞飯店
202108B007,蘋果西打(杯),[202108B]無酒精性飲品,70,[AH01]阿霞飯店
202108B00701,蘋果西打(壺),[202108B]無酒精性飲品,200,[AH01]阿霞飯店
202108B008,特級紅烏龍(杯),[202108B]無酒精性飲品,100,[AH01]阿霞飯店
202108B00801,特級紅烏龍(壺),[202108B]無酒精性飲品,210,[AH01]阿霞飯店
202108B010,茉香綠(杯),[202108B]無酒精性飲品,90,[AH01]阿霞飯店
202108B01001,茉莉綠(熱),[202108B]無酒精性飲品,70,[AH01]阿霞飯店
202108B01002,茉莉綠(壺),[202108B]無酒精性飲品,180,[AH01]阿霞飯店
202108B011,老欉紅(杯),[202108B]無酒精性飲品,90,[AH01]阿霞飯店
202108B01101,老欉紅(熱),[202108B]無酒精性飲品,60,[AH01]阿霞飯店
202108B01102,老欉紅(壺),[202108B]無酒精性飲品,180,[AH01]阿霞飯店
202108B013,紅烏龍(壺),[202108B]無酒精性飲品,150,[AH01]阿霞飯店
202108B01301,紅烏龍(熱),[202108B]無酒精性飲品,60,[AH01]阿霞飯店
202108B014,高山青(壺),[202108B]無酒精性飲品,150,[AH01]阿霞飯店
202108B01401,高山青(熱),[202108B]無酒精性飲品,60,[AH01]阿霞飯店
202108B018,法國依雲天然礦泉水,[202108B]無酒精性飲品,140,[AH01]阿霞飯店
202108B019,菊花普洱(熱),[202108B]無酒精性飲品,70,[AH01]阿霞飯店
202108B020,花草茶(熱),[202108B]無酒精性飲品,70,[AH01]阿霞飯店
202108B02001,花草茶(杯),[202108B]無酒精性飲品,130,[AH01]阿霞飯店
202108B02002,花草茶(壺),[202108B]無酒精性飲品,210,[AH01]阿霞飯店
202108B021,檸檬氣泡飲(壺),[202108B]無酒精性飲品,200,[AH01]阿霞飯店
202108B022,聖佩洛氣泡水,[202108B]無酒精性飲品,160,[AH01]阿霞飯店
202108B023,柳橙氣泡飲(杯),[202108B]無酒精性飲品,120,[AH01]阿霞飯店
202108B024,檸檬氣泡飲(杯),[202108B]無酒精性飲品,100,[AH01]阿霞飯店
202108B025,桂花冬瓜檸檬,[202108B]無酒精性飲品,220,[AH01]阿霞飯店
202108B026,玫瑰蜜桃茶,[202108B]無酒精性飲品,220,[AH01]阿霞飯店
202108B027,白蓮霧茶(壺),[202108B]無酒精性飲品,210,[AH01]阿霞飯店
202108B028,東方美人茶(熱),[202108B]無酒精性飲品,70,[AH01]阿霞飯店
202108B029,特製冷泡茶(壺),[202108B]無酒精性飲品,200,[AH01]阿霞飯店
202108B030,特級炭焙烏龍(熱),[202108B]無酒精性飲品,70,[AH01]阿霞飯店
202108B031,金萱(熱),[202108B]無酒精性飲品,70,[AH01]阿霞飯店
202108B032,鮮搾柳丁汁(壺),[202108B]無酒精性飲品,280,[AH01]阿霞飯店
202108B033,澳式精釀有機康普茶檸檬萊姆薄荷,[202108B]無酒精性飲品,170,[AH01]阿霞飯店
202108B034,澳式精釀有機康普茶檸檬覆盆莓,[202108B]無酒精性飲品,170,[AH01]阿霞飯店
202108B035,澳式精釀有機康普茶第二件折20元,[202108B]無酒精性飲品,152,[AH01]阿霞飯店
202108B036,台灣芒果汁,[202108B]無酒精性飲品,60,[AH01]阿霞飯店
202108B037,玫瑰水潤膠原飲,[202108B]無酒精性飲品,60,[AH01]阿霞飯店
202108B038,鮮乳坊-冬瓜奶,[202108B]無酒精性飲品,280,[AH01]阿霞飯店
2024A001,炭烤野生烏子,[2024A]2024年菜,1380,[AH01]阿霞飯店
2024A002,手工粉腸,[2024A]2024年菜,350,[AH01]阿霞飯店
2024A003,經典蟳丸,[2024A]2024年菜,350,[AH01]阿霞飯店
2024A004,招牌蝦棗,[2024A]2024年菜,350,[AH01]阿霞飯店
2024A005,豬肝捲,[2024A]2024年菜,200,[AH01]阿霞飯店
2024A006,鹽水活蝦,[2024A]2024年菜,660,[AH01]阿霞飯店
2024A007,煙燻鴨(小),[2024A]2024年菜,450,[AH01]阿霞飯店
2024A008,煙燻鴨(大),[2024A]2024年菜,900,[AH01]阿霞飯店
2024A009,白斬雞(小),[2024A]2024年菜,500,[AH01]阿霞飯店
2024A010,白斬雞(大),[2024A]2024年菜,1000,[AH01]阿霞飯店
2024A011,招牌紅蟳米糕,[2024A]2024年菜,1080,[AH01]阿霞飯店
2024A012,招牌紅蟳米糕(大),[2024A]2024年菜,2080,[AH01]阿霞飯店
2024A013,爆焱生炒鱔魚,[2024A]2024年菜,800,[AH01]阿霞飯店
2024A014,爆焱生炒鱔魚(大),[2024A]2024年菜,1400,[AH01]阿霞飯店
2024A015,生炒鱔魚意麵,[2024A]2024年菜,900,[AH01]阿霞飯店
2024A016,生炒鱔魚意麵(大),[2024A]2024年菜,1600,[AH01]阿霞飯店
2024A017,避風塘金沙肋排,[2024A]2024年菜,660,[AH01]阿霞飯店
2024A018,避風塘金沙肋排(大),[2024A]2024年菜,1320,[AH01]阿霞飯店
2024A019,金桔旺來肋排,[2024A]2024年菜,880,[AH01]阿霞飯店
2024A020,金桔旺來肋排(大),[2024A]2024年菜,1760,[AH01]阿霞飯店
2024A021,筍乾老滷腿庫,[2024A]2024年菜,1400,[AH01]阿霞飯店
2024A022,樹子清蒸石斑,[2024A]2024年菜,1600,[AH01]阿霞飯店
2024A023,五柳枝鮮魚,[2024A]2024年菜,1780,[AH01]阿霞飯店
2024A024,魚翅手剝蝦羹,[2024A]2024年菜,1480,[AH01]阿霞飯店
2024A025,響螺四寶豬肚,[2024A]2024年菜,1780,[AH01]阿霞飯店
2024A026,四寶清燉大翅,[2024A]2024年菜,2990,[AH01]阿霞飯店
2024A027,阿霞佛跳牆,[2024A]2024年菜,9800,[AH01]阿霞飯店
2024A028,阿霞招牌甜湯,[2024A]2024年菜,800,[AH01]阿霞飯店
2024A029,造型流沙包,[2024A]2024年菜,800,[AH01]阿霞飯店
2024A030,桌菜-2024半席(68),[2024A]2024年菜,6888,[AH01]阿霞飯店
2024A031,桌菜-2024全席(128),[2024A]2024年菜,12888,[AH01]阿霞飯店
2024A032,桌菜-2024全席(178),[2024A]2024年菜,17888,[AH01]阿霞飯店
2024A033,桌菜-2024全席(238),[2024A]2024年菜,23888,[AH01]阿霞飯店
2024A034,桌菜-2024過年素食套餐(全素),[2024A]2024年菜,1200,[AH01]阿霞飯店
2024B001,烏金招牌拼盤(半),[2024B]2024年菜附餐,NULL,[AH01]阿霞飯店
2024B002,魚翅手剝蝦羹(半),[2024B]2024年菜附餐,NULL,[AH01]阿霞飯店
2024B003,招牌紅蟳米糕(半),[2024B]2024年菜附餐,NULL,[AH01]阿霞飯店
2024B004,爆焱生炒鱔魚(半),[2024B]2024年菜附餐,NULL,[AH01]阿霞飯店
2024B005,金桔旺來肋排(半),[2024B]2024年菜附餐,NULL,[AH01]阿霞飯店
2024B006,響螺四寶豬肚(半),[2024B]2024年菜附餐,NULL,[AH01]阿霞飯店
2024B007,特選精緻點心(半),[2024B]2024年菜附餐,NULL,[AH01]阿霞飯店
2024B008,阿霞招牌甜湯(半),[2024B]2024年菜附餐,NULL,[AH01]阿霞飯店
2024B009,烏金招牌拼盤(全128),[2024B]2024年菜附餐,NULL,[AH01]阿霞飯店
2024B010,魚翅手剝蝦羹(全128),[2024B]2024年菜附餐,NULL,[AH01]阿霞飯店
2024B011,招牌紅蟳米糕(全128),[2024B]2024年菜附餐,NULL,[AH01]阿霞飯店
2024B012,爆炎生炒鱔魚(全128),[2024B]2024年菜附餐,NULL,[AH01]阿霞飯店
2024B013,金桔旺來肋排(全128),[2024B]2024年菜附餐,NULL,[AH01]阿霞飯店
2024B014,響螺四寶豬肚(全128),[2024B]2024年菜附餐,NULL,[AH01]阿霞飯店
2024B015,特選精緻點心(全128),[2024B]2024年菜附餐,NULL,[AH01]阿霞飯店
2024B016,阿霞招牌甜湯(全128),[2024B]2024年菜附餐,NULL,[AH01]阿霞飯店
2024B017,烏金招牌拼盤(178),[2024B]2024年菜附餐,NULL,[AH01]阿霞飯店
2024B018,鮑魚富貴滿堂(178),[2024B]2024年菜附餐,NULL,[AH01]阿霞飯店
2024B019,蒜蓉蒸波龍(178),[2024B]2024年菜附餐,NULL,[AH01]阿霞飯店
2024B020,招牌紅蟳米糕(178),[2024B]2024年菜附餐,NULL,[AH01]阿霞飯店
2024B021,五柳枝海上鮮(178),[2024B]2024年菜附餐,NULL,[AH01]阿霞飯店
2024B022,清燉大翅湯(178),[2024B]2024年菜附餐,NULL,[AH01]阿霞飯店
2024B023,筍乾老滷腿庫(178),[2024B]2024年菜附餐,NULL,[AH01]阿霞飯店
2024B024,龍蟹瑞氣滿羹(178),[2024B]2024年菜附餐,NULL,[AH01]阿霞飯店
2024B025,特選精緻點心(178),[2024B]2024年菜附餐,NULL,[AH01]阿霞飯店
2024B026,阿霞招牌甜湯(178),[2024B]2024年菜附餐,NULL,[AH01]阿霞飯店
2024B027,龍飛鳳舞十小碟(238),[2024B]2024年菜附餐,NULL,[AH01]阿霞飯店
2024B028,蒜蓉蒸海龍(238),[2024B]2024年菜附餐,NULL,[AH01]阿霞飯店
2024B029,招牌紅蟳米糕(238),[2024B]2024年菜附餐,NULL,[AH01]阿霞飯店
2024B030,阿霞佛跳牆(238),[2024B]2024年菜附餐,NULL,[AH01]阿霞飯店
2024B031,清蒸海上鮮(238),[2024B]2024年菜附餐,NULL,[AH01]阿霞飯店
2024B032,龍蟹瑞氣滿羹(238),[2024B]2024年菜附餐,NULL,[AH01]阿霞飯店
2024B033,特選精緻點心(238),[2024B]2024年菜附餐,NULL,[AH01]阿霞飯店
2024B034,阿霞招牌甜湯(238),[2024B]2024年菜附餐,NULL,[AH01]阿霞飯店
2024B035,特選精緻點心-蟹禮,[2024B]2024年菜附餐,NULL,[AH01]阿霞飯店
2024B036,蔬果和風盤,[2024B]2024年菜附餐,NULL,[AH01]阿霞飯店
2024B037,黃金白玉捲,[2024B]2024年菜附餐,NULL,[AH01]阿霞飯店
2024B038,翡翠髮菜羹,[2024B]2024年菜附餐,NULL,[AH01]阿霞飯店
2024B039,特製素米糕,[2024B]2024年菜附餐,NULL,[AH01]阿霞飯店
2024B040,玟素菜根香,[2024B]2024年菜附餐,NULL,[AH01]阿霞飯店
2024B041,麻油猴頭菇湯,[2024B]2024年菜附餐,NULL,[AH01]阿霞飯店
2024B042,特製素小點,[2024B]2024年菜附餐,NULL,[AH01]阿霞飯店
2024B043,阿霞招牌甜湯,[2024B]2024年菜附餐,NULL,[AH01]阿霞飯店
2024C01,野生烏金雙品,[2024C]2024桌菜附餐,0,[AH01]阿霞飯店
2024C02,經典五品拼盤,[2024C]2024桌菜附餐,0,[AH01]阿霞飯店
2024C03,鮮蝦炸路雙拼,[2024C]2024桌菜附餐,0,[AH01]阿霞飯店
2024C04,蟹肉手撥蝦羹,[2024C]2024桌菜附餐,0,[AH01]阿霞飯店
2024C05,招牌紅蟳米糕,[2024C]2024桌菜附餐,0,[AH01]阿霞飯店
2024C06,花菇干貝豬肚,[2024C]2024桌菜附餐,0,[AH01]阿霞飯店
2024C07,霞味生炒鱔魚,[2024C]2024桌菜附餐,0,[AH01]阿霞飯店
2024C08,豪華六品拼盤,[2024C]2024桌菜附餐,0,[AH01]阿霞飯店
2024C10,五味九孔雙拼,[2024C]2024桌菜附餐,0,[AH01]阿霞飯店
2024C11,海皇帶子羹,[2024C]2024桌菜附餐,0,[AH01]阿霞飯店
2024C12,螺貝花菇豬肚,[2024C]2024桌菜附餐,0,[AH01]阿霞飯店
2024C13,果香黃金肋排,[2024C]2024桌菜附餐,0,[AH01]阿霞飯店
2024C14,黃金高山娃菜,[2024C]2024桌菜附餐,0,[AH01]阿霞飯店
2024C15,烏金迎賓六品,[2024C]2024桌菜附餐,NULL,[AH01]阿霞飯店
2024C16,蒜蓉蒸大蝦,[2024C]2024桌菜附餐,NULL,[AH01]阿霞飯店
2024C17,避風塘金沙排,[2024C]2024桌菜附餐,NULL,[AH01]阿霞飯店
2024C18,花菇清燉蹄筋,[2024C]2024桌菜附餐,NULL,[AH01]阿霞飯店
2024C19,古味龍膽石斑,[2024C]2024桌菜附餐,NULL,[AH01]阿霞飯店
2024C20,黃金蟹肉娃菜,[2024C]2024桌菜附餐,NULL,[AH01]阿霞飯店
2024C21,八品玲瓏喜迎客,[2024C]2024桌菜附餐,NULL,[AH01]阿霞飯店
2024C22,蒜蓉蒸海龍,[2024C]2024桌菜附餐,NULL,[AH01]阿霞飯店
2024C23,筍乾老滷腿庫,[2024C]2024桌菜附餐,NULL,[AH01]阿霞飯店
2024C24,四寶清燉大翅,[2024C]2024桌菜附餐,NULL,[AH01]阿霞飯店
2024C25,十全十美迎貴客,[2024C]2024桌菜附餐,NULL,[AH01]阿霞飯店
2024C26,鮮猛活正龍蝦,[2024C]2024桌菜附餐,NULL,[AH01]阿霞飯店
2024C27,特製紅蟳蒸米糕,[2024C]2024桌菜附餐,NULL,[AH01]阿霞飯店
2024C28,煙燻龍膽石斑,[2024C]2024桌菜附餐,NULL,[AH01]阿霞飯店
2024C29,頂級清湯佛跳牆,[2024C]2024桌菜附餐,NULL,[AH01]阿霞飯店
2024C30,櫻蝦醬炒雙脆,[2024C]2024桌菜附餐,NULL,[AH01]阿霞飯店
2024C31,精緻時令小點,[2024C]2024桌菜附餐,NULL,[AH01]阿霞飯店
2024C32,寶島時令鮮果,[2024C]2024桌菜附餐,NULL,[AH01]阿霞飯店
2024C33,阿霞經典甜湯,[2024C]2024桌菜附餐,NULL,[AH01]阿霞飯店
2025A0001,炭烤野生烏魚子,[2025A]2025年菜,1380,[AH01]阿霞飯店
2025A0002,三色拼盤,[2025A]2025年菜,680,[AH01]阿霞飯店
2025A0003,手工粉腸,[2025A]2025年菜,350,[AH01]阿霞飯店
2025A0004,經典蟳丸,[2025A]2025年菜,350,[AH01]阿霞飯店
2025A0005,招牌蝦棗,[2025A]2025年菜,350,[AH01]阿霞飯店
2025A0006,豬肝捲,[2025A]2025年菜,220,[AH01]阿霞飯店
2025A0007,煙燻鴨,[2025A]2025年菜,450,[AH01]阿霞飯店
2025A0008,煙燻鴨(全/切),[2025A]2025年菜,900,[AH01]阿霞飯店
2025A00081,煙燻鴨(全/不切),[2025A]2025年菜,900,[AH01]阿霞飯店
2025A0009,白斬雞,[2025A]2025年菜,500,[AH01]阿霞飯店
2025A0010,白斬雞(全/切),[2025A]2025年菜,1000,[AH01]阿霞飯店
2025A00101,白斬雞(全/不切),[2025A]2025年菜,1000,[AH01]阿霞飯店
2025A0011,招牌紅蟳米糕(小),[2025A]2025年菜,1080,[AH01]阿霞飯店
2025A0012,招牌紅蟳米糕(大),[2025A]2025年菜,2080,[AH01]阿霞飯店
2025A0013,爆焱生炒鱔魚(小),[2025A]2025年菜,880,[AH01]阿霞飯店
2025A0014,爆焱生炒鱔魚(大),[2025A]2025年菜,1540,[AH01]阿霞飯店
2025A0015,生炒鱔魚意麵(小),[2025A]2025年菜,990,[AH01]阿霞飯店
2025A0016,生炒鱔魚意麵(大),[2025A]2025年菜,1760,[AH01]阿霞飯店
2025A0017,避風塘金沙肋排(小),[2025A]2025年菜,680,[AH01]阿霞飯店
2025A0018,避風塘金沙肋排(大),[2025A]2025年菜,1360,[AH01]阿霞飯店
2025A0019,筍乾老滷腿庫,[2025A]2025年菜,1680,[AH01]阿霞飯店
2025A0020,樹子清蒸石斑,[2025A]2025年菜,1600,[AH01]阿霞飯店
2025A0021,五柳枝鮮魚,[2025A]2025年菜,1780,[AH01]阿霞飯店
2025A0022,花膠手剝蝦羹,[2025A]2025年菜,1480,[AH01]阿霞飯店
2025A0023,鮑魚四寶豬肚,[2025A]2025年菜,2800,[AH01]阿霞飯店
2025A0024,四寶清燉大翅,[2025A]2025年菜,3200,[AH01]阿霞飯店
2025A0025,花膠鮑魚燉雞,[2025A]2025年菜,3880,[AH01]阿霞飯店
2025A0026,阿霞招牌甜湯,[2025A]2025年菜,800,[AH01]阿霞飯店
2025A0027,造型流沙包,[2025A]2025年菜,800,[AH01]阿霞飯店
2025A0028,2025桌菜7888,[2025A]2025年菜,7888,[AH01]阿霞飯店
2025A0029,2025桌菜12888,[2025A]2025年菜,12888,[AH01]阿霞飯店
2025A0030,2025桌菜20888,[2025A]2025年菜,20888,[AH01]阿霞飯店
2025A0039,2025年菜素食套餐,[2025A]2025年菜,1200,[AH01]阿霞飯店
2025B001,烏金招牌拼盤(78),[2025B]2025年菜桌菜附餐,NULL,[AH01]阿霞飯店
2025B002,鮮蝦雙拼(78),[2025B]2025年菜桌菜附餐,NULL,[AH01]阿霞飯店
2025B003,花膠手剝蝦羹(78),[2025B]2025年菜桌菜附餐,NULL,[AH01]阿霞飯店
2025B004,招牌紅蟳米糕(78),[2025B]2025年菜桌菜附餐,NULL,[AH01]阿霞飯店
2025B005,鮑魚四寶豬肚(78),[2025B]2025年菜桌菜附餐,NULL,[AH01]阿霞飯店
2025B006,筍乾老滷腿庫(78),[2025B]2025年菜桌菜附餐,NULL,[AH01]阿霞飯店
2025B007,爆焱生炒鱔魚(78),[2025B]2025年菜桌菜附餐,NULL,[AH01]阿霞飯店
2025B008,阿霞招牌甜湯(78),[2025B]2025年菜桌菜附餐,NULL,[AH01]阿霞飯店
2025B009,烏金招牌拼盤(128),[2025B]2025年菜桌菜附餐,NULL,[AH01]阿霞飯店
2025B0091,烏金招牌拼盤(208),[2025B]2025年菜桌菜附餐,NULL,[AH01]阿霞飯店
2025B010,鮮蝦雙拼(128),[2025B]2025年菜桌菜附餐,NULL,[AH01]阿霞飯店
2025B011,花膠手剝蝦羹(128),[2025B]2025年菜桌菜附餐,NULL,[AH01]阿霞飯店
2025B012,招牌紅蟳米糕(128/208),[2025B]2025年菜桌菜附餐,NULL,[AH01]阿霞飯店
2025B013,鮑魚四寶豬肚(128),[2025B]2025年菜桌菜附餐,NULL,[AH01]阿霞飯店
2025B014,筍乾老滷腿庫(128/208),[2025B]2025年菜桌菜附餐,NULL,[AH01]阿霞飯店
2025B015,爆焱生炒鱔魚(128),[2025B]2025年菜桌菜附餐,NULL,[AH01]阿霞飯店
2025B016,阿霞招牌甜湯(128/208),[2025B]2025年菜桌菜附餐,NULL,[AH01]阿霞飯店
2025B017,花菇紅燒鮑魚(208),[2025B]2025年菜桌菜附餐,NULL,[AH01]阿霞飯店
2025B018,蒜蓉蒸海龍蝦(208),[2025B]2025年菜桌菜附餐,NULL,[AH01]阿霞飯店
2025B019,五柳枝海上鮮(208),[2025B]2025年菜桌菜附餐,NULL,[AH01]阿霞飯店
2025B020,四寶清燉大翅(208),[2025B]2025年菜桌菜附餐,NULL,[AH01]阿霞飯店
2025B021,龍蟹瑞氣滿羹(208),[2025B]2025年菜桌菜附餐,NULL,[AH01]阿霞飯店
2025B022,特選精緻點心(208),[2025B]2025年菜桌菜附餐,NULL,[AH01]阿霞飯店
A01005,白飯,[A10]其它,30,[AH01]阿霞飯店
A01033,煙燻鴨餐盒,[A10]其它,190,[AH01]阿霞飯店
A01043,司機便當,[A10]其它,300,[AH01]阿霞飯店
A01045,思慕魚脆餅(1盒),[A10]其它,200,[AH01]阿霞飯店
A10002,手工泡菜,[A10]其它,60,[AH01]阿霞飯店
U001,UBER烏金炒飯餐,[A100]UBER類,400,[AH01]阿霞飯店
U002,UBER蛋香米粉餐,[A100]UBER類,350,[AH01]阿霞飯店
U003,UBER控肉米糕餐,[A100]UBER類,350,[AH01]阿霞飯店
U004,UBER紅蟳米糕餐盒,[A100]UBER類,550,[AH01]阿霞飯店
U005,UBER雞胸沙拉(鹽麴),[A100]UBER類,260,[AH01]阿霞飯店
U006,UBER雞胸沙拉(椒麻),[A100]UBER類,260,[AH01]阿霞飯店
U007,UBER雙人餐,[A100]UBER類,1880,[AH01]阿霞飯店
U008,UBER四人餐,[A100]UBER類,3280,[AH01]阿霞飯店
U009,UBER干貝豬肚湯(單),[A100]UBER類,160,[AH01]阿霞飯店
U010,UBER北寄貝豬肚湯(單),[A100]UBER類,300,[AH01]阿霞飯店
U011,UBER鮑魚豬肚湯(單),[A100]UBER類,300,[AH01]阿霞飯店
U012,UBER蟹肉海鮮羹(單),[A100]UBER類,190,[AH01]阿霞飯店
U013,UBER花菇清燉腳筋(單),[A100]UBER類,190,[AH01]阿霞飯店
U014,UBER生炒鱔魚,[A100]UBER類,400,[AH01]阿霞飯店
U015,UBER生炒鱔魚麵,[A100]UBER類,450,[AH01]阿霞飯店
U016,UBER烏魚子炒飯,[A100]UBER類,360,[AH01]阿霞飯店
U017,UBER蛋香炒米粉,[A100]UBER類,280,[AH01]阿霞飯店
U018,UBER招牌甜湯(單),[A100]UBER類,60,[AH01]阿霞飯店
U019,UBER銀波布丁,[A100]UBER類,60,[AH01]阿霞飯店
U020,UBER經典三色拼盤,[A100]UBER類,460,[AH01]阿霞飯店
U021,UBER台式經典炒米粉,[A100]UBER類,300,[AH01]阿霞飯店
U022,UBER台式經典炒意麵,[A100]UBER類,300,[AH01]阿霞飯店
U023,UBER睡東坡飯糰,[A100]UBER類,80,[AH01]阿霞飯店
U024,UBER烏金拼盤,[A100]UBER類,200,[AH01]阿霞飯店
U025,UBER招牌甜湯,[A100]UBER類,80,[AH01]阿霞飯店
U093,UBER蜂蜜氣泡酒,[A100]UBER類,1680,[AH01]阿霞飯店
U094,UBER硬紅春,[A100]UBER類,160,[AH01]阿霞飯店
U095,UBER白玉麥酒,[A100]UBER類,140,[AH01]阿霞飯店
U096,UBER南非蜜樹茶,[A100]UBER類,80,[AH01]阿霞飯店
U097,UBER烏龍清茶,[A100]UBER類,80,[AH01]阿霞飯店
U098,UBER白蓮霧茶,[A100]UBER類,80,[AH01]阿霞飯店
U099,UBER感霞氣泡飲,[A100]UBER類,120,[AH01]阿霞飯店
U100,UBER冬瓜檸檬飲,[A100]UBER類,60,[AH01]阿霞飯店
A26000001,700素食套餐(全素),[A26]素食套餐,700,[AH01]阿霞飯店
A26000002,猴頭菇炒飯(全素),[A26]素食套餐,280,[AH01]阿霞飯店
A26000003,什錦菇素湯(全素),[A26]素食套餐,260,[AH01]阿霞飯店
A26000004,蔬果和風盤,[A26]素食套餐,NULL,[AH01]阿霞飯店
A26000005,黃金白玉捲,[A26]素食套餐,NULL,[AH01]阿霞飯店
A26000006,田園時蔬素米糕,[A26]素食套餐,NULL,[AH01]阿霞飯店
A26000007,季節時令蔬,[A26]素食套餐,NULL,[AH01]阿霞飯店
A26000008,翡翠髮菜羹,[A26]素食套餐,NULL,[AH01]阿霞飯店
A26000009,寶島鮮水果,[A26]素食套餐,NULL,[AH01]阿霞飯店
A26000010,霞招牌甜湯,[A26]素食套餐,NULL,[AH01]阿霞飯店
A26000011,素意麵(大),[A26]素食套餐,600,[AH01]阿霞飯店
A26000012,素意麵,[A26]素食套餐,280,[AH01]阿霞飯店
A26000013,素米粉(大),[A26]素食套餐,600,[AH01]阿霞飯店
A26000014,素米粉,[A26]素食套餐,280,[AH01]阿霞飯店
A26000015,980素食套餐(全素),[A26]素食套餐,980,[AH01]阿霞飯店
A26000016,椒香麻口素帶子,[A26]素食套餐,NULL,[AH01]阿霞飯店
A26000017,松露素米糕,[A26]素食套餐,NULL,[AH01]阿霞飯店
A26000018,900素食套餐(全素),[A26]素食套餐,900,[AH01]阿霞飯店
A26000019,特製素小點,[A26]素食套餐,NULL,[AH01]阿霞飯店
A26000020,蔬果和風盤,[A26]素食套餐,NULL,[AH01]阿霞飯店
A26000021,黃金白玉捲,[A26]素食套餐,NULL,[AH01]阿霞飯店
A26000022,翡翠髮菜羹,[A26]素食套餐,NULL,[AH01]阿霞飯店
A26000023,特製素米糕,[A26]素食套餐,NULL,[AH01]阿霞飯店
A26000024,玟素菜根香,[A26]素食套餐,NULL,[AH01]阿霞飯店
A26000025,麻油猴頭菇,[A26]素食套餐,NULL,[AH01]阿霞飯店
A26000026,阿霞招牌甜湯,[A26]素食套餐,NULL,[AH01]阿霞飯店
A26000027,1180素食套餐(全素),[A26]素食套餐,1180,[AH01]阿霞飯店
B2020001,炭烤野生烏金,[B01]拼盤單點,NULL,[AH01]阿霞飯店
B2020002,煙燻鴨(腿),[B01]拼盤單點,320,[AH01]阿霞飯店
B2020003,煙燻鴨(半),[B01]拼盤單點,440,[AH01]阿霞飯店
B2020004,煙燻鴨(全),[B01]拼盤單點,880,[AH01]阿霞飯店
B2020005,白斬雞(腿),[B01]拼盤單點,360,[AH01]阿霞飯店
B2020006,白斬雞(半),[B01]拼盤單點,480,[AH01]阿霞飯店
B2020007,白斬雞(全),[B01]拼盤單點,950,[AH01]阿霞飯店
B2020008,玉米雞(腿),[B01]拼盤單點,400,[AH01]阿霞飯店
B2020009,玉米雞(半),[B01]拼盤單點,500,[AH01]阿霞飯店
B2020010,玉米雞(全),[B01]拼盤單點,1000,[AH01]阿霞飯店
B2020011,手工粉腸,[B01]拼盤單點,NULL,[AH01]阿霞飯店
B2020014,自製蟳丸,[B01]拼盤單點,NULL,[AH01]阿霞飯店
B2020017,招牌炸蝦棗,[B01]拼盤單點,NULL,[AH01]阿霞飯店
B2020020,炸豬肝捲,[B01]拼盤單點,200,[AH01]阿霞飯店
B2020021,涼拌海蜇絲,[B01]拼盤單點,120,[AH01]阿霞飯店
B2020022,白酌豬心,[B01]拼盤單點,130,[AH01]阿霞飯店
B2020023,藥膳豬心,[B01]拼盤單點,180,[AH01]阿霞飯店
B2020024,川燙軟絲,[B01]拼盤單點,130,[AH01]阿霞飯店
B2020025,川燙軟絲,[B01]拼盤單點,280,[AH01]阿霞飯店
B2020026,x滷大腸頭,[B01]拼盤單點,160,[AH01]阿霞飯店
B2020027,老滷大腸頭,[B01]拼盤單點,340,[AH01]阿霞飯店
B2020028,x雪幸子,[B01]拼盤單點,120,[AH01]阿霞飯店
B2020029,雪幸子,[B01]拼盤單點,240,[AH01]阿霞飯店
B2020030,老滷豬腳(小),[B01]拼盤單點,450,[AH01]阿霞飯店
B2020031,老滷豬腳(大),[B01]拼盤單點,900,[AH01]阿霞飯店
B2020032,鹽水活蝦(小),[B01]拼盤單點,330,[AH01]阿霞飯店
B2020033,鹽水活蝦(中),[B01]拼盤單點,660,[AH01]阿霞飯店
B2020034,鹽水活蝦(大),[B01]拼盤單點,990,[AH01]阿霞飯店
B2020035,虱目魚嶺,[B01]拼盤單點,220,[AH01]阿霞飯店
B2020036,鹽酥玉晶蝦,[B01]拼盤單點,280,[AH01]阿霞飯店
B2020037,蔥串肥腸,[B01]拼盤單點,300,[AH01]阿霞飯店
B2020038,蒜味脆皮豬耳x,[B01]拼盤單點,220,[AH01]阿霞飯店
B2020039,五味九孔鮑/3顆,[B01]拼盤單點,480,[AH01]阿霞飯店
B2020040,五味冰卷(小)x,[B01]拼盤單點,340,[AH01]阿霞飯店
B2020041,五味冰卷(大)x,[B01]拼盤單點,680,[AH01]阿霞飯店
B2020042,烏金醬豆腐,[B01]拼盤單點,220,[AH01]阿霞飯店
B2020043,烏金醬鮮菇沙拉,[B01]拼盤單點,280,[AH01]阿霞飯店
B2020044,涼筍x,[B01]拼盤單點,250,[AH01]阿霞飯店
B2020045,拼盤雞肉,[B01]拼盤單點,NULL,[AH01]阿霞飯店
B2020046,拼盤鴨肉,[B01]拼盤單點,NULL,[AH01]阿霞飯店
B2020050,金沙生捲(大),[B01]拼盤單點,900,[AH01]阿霞飯店
B2020051,金沙大蝦(小),[B01]拼盤單點,380,[AH01]阿霞飯店
B2020052,金沙大蝦(中),[B01]拼盤單點,660,[AH01]阿霞飯店
B2020053,金沙大蝦(大),[B01]拼盤單點,960,[AH01]阿霞飯店
B2020054,香芒大蝦(小),[B01]拼盤單點,380,[AH01]阿霞飯店
B2020055,香芒大蝦(中),[B01]拼盤單點,660,[AH01]阿霞飯店
B2020056,香芒大蝦(大),[B01]拼盤單點,960,[AH01]阿霞飯店
B2020057,虱目魚餅（不含醬）,[B01]拼盤單點,170,[AH01]阿霞飯店
B2020058,虱目魚餅（含醬）,[B01]拼盤單點,200,[AH01]阿霞飯店
B2020059,經典手工拼盤,[B01]拼盤單點,0,[AH01]阿霞飯店
B2020060,蔬果和風盤,[B01]拼盤單點,0,[AH01]阿霞飯店
B202048,金沙生捲(小),[B01]拼盤單點,360,[AH01]阿霞飯店
B202049,金沙生捲(中),[B01]拼盤單點,620,[AH01]阿霞飯店
B202050,x滷豬腳（大）,[B01]拼盤單點,580,[AH01]阿霞飯店
B202051,象拔蚌魚子醬沙拉,[B01]拼盤單點,480,[AH01]阿霞飯店
B202052,錦繡饗宴拼盤,[B01]拼盤單點,0,[AH01]阿霞飯店
B202053,彩霞饗宴拼盤,[B01]拼盤單點,0,[AH01]阿霞飯店
B202054,錦霞饗宴拼盤,[B01]拼盤單點,0,[AH01]阿霞飯店
B202055,海味鮮蔬沙拉,[B01]拼盤單點,0,[AH01]阿霞飯店
B202056,彩椒海蜇,[B01]拼盤單點,240,[AH01]阿霞飯店
B202057,白灼豬心,[B01]拼盤單點,260,[AH01]阿霞飯店
B202058,思慕魚脆餅,[B01]拼盤單點,250,[AH01]阿霞飯店
B202059,主廚時令沙拉x,[B01]拼盤單點,240,[AH01]阿霞飯店
B202060,五味軟絲,[B01]拼盤單點,280,[AH01]阿霞飯店
B202061,櫻花蝦白玉糕x,[B01]拼盤單點,330,[AH01]阿霞飯店
B202062,櫻花蝦白玉糕(單)x,[B01]拼盤單點,60,[AH01]阿霞飯店
B202063,老滷豬舌x,[B01]拼盤單點,340,[AH01]阿霞飯店
B202064,阿里山咖啡香腸,[B01]拼盤單點,200,[AH01]阿霞飯店
B202066,五味九孔鮑,[B01]拼盤單點,800,[AH01]阿霞飯店
B202067,山海筍乾,[B01]拼盤單點,200,[AH01]阿霞飯店
B202068,煙燻去骨雞腿,[B01]拼盤單點,380,[AH01]阿霞飯店
B202069,涼筍,[B01]拼盤單點,260,[AH01]阿霞飯店
2020B101,四品綜合拼盤(小),[B02]拼盤隨選,280,[AH01]阿霞飯店
2020B102,四品隨選,[B02]拼盤隨選,600,[AH01]阿霞飯店
2020B103,五品綜合拼盤(小),[B02]拼盤隨選,330,[AH01]阿霞飯店
2020B104,五品綜合拼盤(大),[B02]拼盤隨選,700,[AH01]阿霞飯店
2020B105,六品綜合拼盤(小),[B02]拼盤隨選,420,[AH01]阿霞飯店
2020B106,六品綜合拼盤(大),[B02]拼盤隨選,1200,[AH01]阿霞飯店
2020B107,豪華六品拼盤(大),[B02]拼盤隨選,1400,[AH01]阿霞飯店
2020B108,經典五品拼盤(大),[B02]拼盤隨選,1000,[AH01]阿霞飯店
2020B109,烏魚子拼盤,[B02]拼盤隨選,1400,[AH01]阿霞飯店
2020B110,三品隨選,[B02]拼盤隨選,450,[AH01]阿霞飯店
2020B111,經典五品拼盤(小),[B02]拼盤隨選,560,[AH01]阿霞飯店
2020B112,豪華六品拼盤(小),[B02]拼盤隨選,700,[AH01]阿霞飯店
2020C001,蝦棗(半),[B03]拼盤隨選內容,NULL,[AH01]阿霞飯店
2020C002,粉腸(半),[B03]拼盤隨選內容,NULL,[AH01]阿霞飯店
2020C003,蟳丸(半),[B03]拼盤隨選內容,NULL,[AH01]阿霞飯店
2020C004,白酌豬心(半),[B03]拼盤隨選內容,NULL,[AH01]阿霞飯店
2020C005,川燙軟絲(半),[B03]拼盤隨選內容,NULL,[AH01]阿霞飯店
2020C006,海蜇絲(半),[B03]拼盤隨選內容,NULL,[AH01]阿霞飯店
2020C007,雪幸子(半),[B03]拼盤隨選內容,NULL,[AH01]阿霞飯店
2020C008,烏魚子(半),[B03]拼盤隨選內容,330,[AH01]阿霞飯店
2020C009,烏魚子(全),[B03]拼盤隨選內容,660,[AH01]阿霞飯店
2020C010,滷大腸頭(半),[B03]拼盤隨選內容,NULL,[AH01]阿霞飯店
2020C011,滷大腸頭,[B03]拼盤隨選內容,NULL,[AH01]阿霞飯店
2020C012,蝦棗(全),[B03]拼盤隨選內容,NULL,[AH01]阿霞飯店
2020C013,粉腸(全),[B03]拼盤隨選內容,NULL,[AH01]阿霞飯店
2020C014,蟳丸(全),[B03]拼盤隨選內容,NULL,[AH01]阿霞飯店
2020C015,白酌豬心(全),[B03]拼盤隨選內容,NULL,[AH01]阿霞飯店
2020C016,軟絲,[B03]拼盤隨選內容,NULL,[AH01]阿霞飯店
2020C017,涼拌海蜇絲(全),[B03]拼盤隨選內容,NULL,[AH01]阿霞飯店
2020C018,雪幸子(全),[B03]拼盤隨選內容,NULL,[AH01]阿霞飯店
2020C019,豬肝捲(條),[B03]拼盤隨選內容,NULL,[AH01]阿霞飯店
2020C020,雞肉盤,[B03]拼盤隨選內容,NULL,[AH01]阿霞飯店
2020C021,鴨肉盤,[B03]拼盤隨選內容,NULL,[AH01]阿霞飯店
2020C022,烏魚子,[B03]拼盤隨選內容,NULL,[AH01]阿霞飯店
2020C023,肉盤,[B03]拼盤隨選內容,NULL,[AH01]阿霞飯店
2020C024,蝦棗,[B03]拼盤隨選內容,NULL,[AH01]阿霞飯店
2020C025,粉腸,[B03]拼盤隨選內容,NULL,[AH01]阿霞飯店
2020C026,蟳丸,[B03]拼盤隨選內容,NULL,[AH01]阿霞飯店
2020C027,豬肝捲,[B03]拼盤隨選內容,NULL,[AH01]阿霞飯店
2020C028,思慕魚脆餅,[B03]拼盤隨選內容,NULL,[AH01]阿霞飯店
2020C029,櫻花蝦白玉糕,[B03]拼盤隨選內容,NULL,[AH01]阿霞飯店
2020C030,南煎肝(小),[B03]拼盤隨選內容,NULL,[AH01]阿霞飯店
2020C031,南煎肝(大),[B03]拼盤隨選內容,NULL,[AH01]阿霞飯店
2020C032,金甘蟹,[B03]拼盤隨選內容,NULL,[AH01]阿霞飯店
2020C033,紅燒鰻魚,[B03]拼盤隨選內容,NULL,[AH01]阿霞飯店
2020C036,香檸大蝦球（小）,[B03]拼盤隨選內容,NULL,[AH01]阿霞飯店
2020C037,香檸大蝦球（中）,[B03]拼盤隨選內容,NULL,[AH01]阿霞飯店
2020C038,香檸大蝦球（大）,[B03]拼盤隨選內容,NULL,[AH01]阿霞飯店
2320C034,蒜味脆皮豬耳,[B03]拼盤隨選內容,NULL,[AH01]阿霞飯店
2320C035,蝦球,[B03]拼盤隨選內容,NULL,[AH01]阿霞飯店
2320C036,香芒蝦球,[B03]拼盤隨選內容,NULL,[AH01]阿霞飯店
2320C037,香芒脆絲,[B03]拼盤隨選內容,NULL,[AH01]阿霞飯店
2320C038,山海筍乾,[B03]拼盤隨選內容,NULL,[AH01]阿霞飯店
2320C039,麻油烏魚膘（小）,[B03]拼盤隨選內容,NULL,[AH01]阿霞飯店
2320C040,麻油烏魚膘（大）,[B03]拼盤隨選內容,NULL,[AH01]阿霞飯店
2320C041,酥炸烏魚膘（小）,[B03]拼盤隨選內容,NULL,[AH01]阿霞飯店
2320C042,酥炸烏魚膘（大）,[B03]拼盤隨選內容,NULL,[AH01]阿霞飯店
2320C043,廚房當日特選(半),[B03]拼盤隨選內容,NULL,[AH01]阿霞飯店
2320C044,廚房當日特選,[B03]拼盤隨選內容,NULL,[AH01]阿霞飯店
2320C045,咖啡香腸,[B03]拼盤隨選內容,NULL,[AH01]阿霞飯店
2320C046,造型流沙包,[B03]拼盤隨選內容,NULL,[AH01]阿霞飯店
2320C047,金沙豆腐,[B03]拼盤隨選內容,NULL,[AH01]阿霞飯店
2320C048,思慕魚脆餅(老闆招待),[B03]拼盤隨選內容,NULL,[AH01]阿霞飯店
2320C049,冷筍,[B03]拼盤隨選內容,NULL,[AH01]阿霞飯店
2320C050,主廚時蔬,[B03]拼盤隨選內容,NULL,[AH01]阿霞飯店
2320C051,芒果蝦球（小）,[B03]拼盤隨選內容,NULL,[AH01]阿霞飯店
2320C052,芒果蝦球（中）,[B03]拼盤隨選內容,NULL,[AH01]阿霞飯店
2320C053,蒜蓉蒸生蠔,[B03]拼盤隨選內容,NULL,[AH01]阿霞飯店
2320C054,廚房當日特選,[B03]拼盤隨選內容,NULL,[AH01]阿霞飯店
2320C055,紅糟肉,[B03]拼盤隨選內容,NULL,[AH01]阿霞飯店
2320C056,客家小炒,[B03]拼盤隨選內容,NULL,[AH01]阿霞飯店
2320C057,廚房當日特選,[B03]拼盤隨選內容,NULL,[AH01]阿霞飯店
2320C058,百香果昔小蕃茄,[B03]拼盤隨選內容,NULL,[AH01]阿霞飯店
2020D001,招牌紅蟳米糕(大),[B04]招牌菜與主食,1980,[AH01]阿霞飯店
2020D002,招牌紅蟳米糕(小),[B04]招牌菜與主食,980,[AH01]阿霞飯店
2020D003,處女蟳,[B04]招牌菜與主食,NULL,[AH01]阿霞飯店
2020D0031,紅蟳,[B04]招牌菜與主食,NULL,[AH01]阿霞飯店
2020D004,大沙母(紅蟳),[B04]招牌菜與主食,NULL,[AH01]阿霞飯店
2020D005,招牌米糕,[B04]招牌菜與主食,380,[AH01]阿霞飯店
2020D006,蝦仁蛋炒飯(小),[B04]招牌菜與主食,240,[AH01]阿霞飯店
2020D007,蝦仁蛋炒飯(大),[B04]招牌菜與主食,460,[AH01]阿霞飯店
2020D008,野生烏金炒飯(小),[B04]招牌菜與主食,480,[AH01]阿霞飯店
2020D009,野生烏金炒飯(大)),[B04]招牌菜與主食,960,[AH01]阿霞飯店
2020D010,經典炒炊粉(小),[B04]招牌菜與主食,330,[AH01]阿霞飯店
2020D011,阿霞炒米粉(中)x,[B04]招牌菜與主食,500,[AH01]阿霞飯店
2020D012,經典炒炊粉(中),[B04]招牌菜與主食,660,[AH01]阿霞飯店
2020D013,台式炒意麵(小),[B04]招牌菜與主食,330,[AH01]阿霞飯店
2020D014,什錦炒意麵(中)x,[B04]招牌菜與主食,500,[AH01]阿霞飯店
2020D015,台式炒意麵(中),[B04]招牌菜與主食,660,[AH01]阿霞飯店
2020D016,大沙母米糕(時價),[B04]招牌菜與主食,NULL,[AH01]阿霞飯店
2020D017,米糕一起蒸,[B04]招牌菜與主食,380,[AH01]阿霞飯店
2020D018,櫻花蝦米糕(小),[B04]招牌菜與主食,380,[AH01]阿霞飯店
2020D019,櫻花蝦米糕,[B04]招牌菜與主食,700,[AH01]阿霞飯店
2020D020,櫻花蝦鰻魚米糕(小),[B04]招牌菜與主食,580,[AH01]阿霞飯店
2020D021,櫻花蝦鰻魚米糕(大),[B04]招牌菜與主食,1080,[AH01]阿霞飯店
2020D023,蒲燒鯛米糕,[B04]招牌菜與主食,0,[AH01]阿霞飯店
2020D024,鱔魚麵,[B04]招牌菜與主食,0,[AH01]阿霞飯店
2020D025,五味干貝,[B04]招牌菜與主食,0,[AH01]阿霞飯店
2020D026,紅蟳米糕(半),[B04]招牌菜與主食,300,[AH01]阿霞飯店
2020D027,櫻花蝦蒲燒鰻米糕,[B04]招牌菜與主食,0,[AH01]阿霞飯店
2020D028,黃金白玉卷,[B04]招牌菜與主食,0,[AH01]阿霞飯店
2020D029,猴頭菇素米糕,[B04]招牌菜與主食,0,[AH01]阿霞飯店
2020D030,紅蟳米糕（乙支）,[B04]招牌菜與主食,NULL,[AH01]阿霞飯店
2020D031,紅蟳米糕（單）,[B04]招牌菜與主食,NULL,[AH01]阿霞飯店
2020D22,蒲燒鰻魚米糕,[B04]招牌菜與主食,NULL,[AH01]阿霞飯店
2023D032,松葉蟹櫻花蝦米糕,[B04]招牌菜與主食,2380,[AH01]阿霞飯店
2024B0401,櫻花蝦炒飯,[B04]招牌菜與主食,320,[AH01]阿霞飯店
2024B0402,主廚炒飯,[B04]招牌菜與主食,290,[AH01]阿霞飯店
2024B0403,蛋炒飯,[B04]招牌菜與主食,220,[AH01]阿霞飯店
2.02E+04,紅燒魚翅羹(個人盅),[B05]羹湯料理,220,[AH01]阿霞飯店
2.02E+05,紅燒魚翅羹(小),[B05]羹湯料理,800,[AH01]阿霞飯店
2.02E+06,紅燒魚翅羹(大),[B05]羹湯料理,1500,[AH01]阿霞飯店
2.02E+07,蟹肉手剝蝦羹(個人盅),[B05]羹湯料理,200,[AH01]阿霞飯店
2.02E+08,蟹肉手剝蝦羹(小),[B05]羹湯料理,680,[AH01]阿霞飯店
2.02E+09,蟹肉手剝蝦羹(大),[B05]羹湯料理,1380,[AH01]阿霞飯店
2.02E+10,花菇清燉蹄筋(個人盅),[B05]羹湯料理,240,[AH01]阿霞飯店
2.02E+11,花菇清燉蹄筋(大),[B05]羹湯料理,1480,[AH01]阿霞飯店
2.02E+13,四寶清燉大翅(個人盅),[B05]羹湯料理,400,[AH01]阿霞飯店
2.02E+14,四寶清燉大翅(大),[B05]羹湯料理,3000,[AH01]阿霞飯店
2.02E+15,x大翅黃金雞湯,[B05]羹湯料理,2400,[AH01]阿霞飯店
2.02E+16,傳統干貝豬肚(個人盅),[B05]羹湯料理,NULL,[AH01]阿霞飯店
2.02E+17,傳統干貝豬肚(小),[B05]羹湯料理,NULL,[AH01]阿霞飯店
2.02E+18,傳統干貝豬肚(大),[B05]羹湯料理,NULL,[AH01]阿霞飯店
2.02E+19,鮑魚豬肚湯(個人盅),[B05]羹湯料理,340,[AH01]阿霞飯店
2.02E+20,鮑魚豬肚湯(小),[B05]羹湯料理,1400,[AH01]阿霞飯店
2.02E+21,鮑魚豬肚湯(大),[B05]羹湯料理,2800,[AH01]阿霞飯店
2.02E+22,北寄貝豬肚湯(個人盅),[B05]羹湯料理,280,[AH01]阿霞飯店
2.02E+23,北寄貝豬肚湯(小),[B05]羹湯料理,1260,[AH01]阿霞飯店
2.02E+24,北寄貝豬肚湯(大),[B05]羹湯料理,2300,[AH01]阿霞飯店
2.02E+25,松茸豬肚湯(個人盅),[B05]羹湯料理,280,[AH01]阿霞飯店
2.02E+26,松茸豬肚湯(小),[B05]羹湯料理,1280,[AH01]阿霞飯店
2.02E+27,松茸豬肚湯(大),[B05]羹湯料理,2280,[AH01]阿霞飯店
2.02E+28,北寄貝豬肚(罐頭)(大),[B05]羹湯料理,2600,[AH01]阿霞飯店
2.02E+29,北寄貝豬肚(罐頭)(小),[B05]羹湯料理,1400,[AH01]阿霞飯店
2.02E+30,黑蒜全雞湯,[B05]羹湯料理,1200,[AH01]阿霞飯店
2.02E+31,黑蒜雞腿湯,[B05]羹湯料理,480,[AH01]阿霞飯店
2.02E+32,黑蒜雞-個人盅,[B05]羹湯料理,260,[AH01]阿霞飯店
2.02E+33,北寄貝豬肚盅,[B05]羹湯料理,0,[AH01]阿霞飯店
2.02E+34,花膠鮮蝦羹(盅),[B05]羹湯料理,200,[AH01]阿霞飯店
2.02E+35,花膠鮮蝦羹(小),[B05]羹湯料理,600,[AH01]阿霞飯店
2.02E+36,花膠鮮蝦羹(大),[B05]羹湯料理,1200,[AH01]阿霞飯店
2.02E+37,干貝豬肚湯(單人),[B05]羹湯料理,0,[AH01]阿霞飯店
2.02E+38,干貝豬肚湯(個人盅),[B05]羹湯料理,220,[AH01]阿霞飯店
2.02E+39,干貝豬肚湯(小),[B05]羹湯料理,680,[AH01]阿霞飯店
2.02E+40,干貝豬肚湯(大),[B05]羹湯料理,1380,[AH01]阿霞飯店
2.02E+41,花膠四寶燉盅,[B05]羹湯料理,1200,[AH01]阿霞飯店
2.02E+42,螺貝干貝豬肚湯(個人盅),[B05]羹湯料理,280,[AH01]阿霞飯店
2.02E+43,螺貝干貝豬肚湯(小),[B05]羹湯料理,1260,[AH01]阿霞飯店
2.02E+44,螺貝干貝豬肚湯(大),[B05]羹湯料理,2300,[AH01]阿霞飯店
2.02E+45,金沙海鮮羹(小),[B05]羹湯料理,880,[AH01]阿霞飯店
2.02E+46,金沙海鮮羹(大),[B05]羹湯料理,1680,[AH01]阿霞飯店
2.02E+49,極品佛跳牆（小）,[B05]羹湯料理,2200,[AH01]阿霞飯店
2.02E+50,極品佛跳牆（個人盅）,[B05]羹湯料理,660,[AH01]阿霞飯店
2.02E+48,魷魚螺肉蒜（小）,[B05]羹湯料理,790,[AH01]阿霞飯店
2.03E+51,雞仔豬肚鱉（小）,[B05]羹湯料理,840,[AH01]阿霞飯店
2.03E+52,雞仔豬肚鱉(小),[B05]羹湯料理,840,[AH01]阿霞飯店
2020F001,筍乾腿庫(小),[B06]熱炒手工菜,880,[AH01]阿霞飯店
2020F002,霞味生炒鱔魚(小),[B06]熱炒手工菜,400,[AH01]阿霞飯店
2020F003,霞味生炒鱔魚(中),[B06]熱炒手工菜,800,[AH01]阿霞飯店
2020F004,霞味生炒鱔魚(大),[B06]熱炒手工菜,1200,[AH01]阿霞飯店
2020F005,生炒生卷(小),[B06]熱炒手工菜,400,[AH01]阿霞飯店
2020F006,生炒生卷(中),[B06]熱炒手工菜,800,[AH01]阿霞飯店
2020F007,生炒生卷(大),[B06]熱炒手工菜,1200,[AH01]阿霞飯店
2020F008,鱔魚意麵(小),[B06]熱炒手工菜,440,[AH01]阿霞飯店
2020F009,鱔魚意麵(中),[B06]熱炒手工菜,900,[AH01]阿霞飯店
2020F010,鱔魚意麵(大),[B06]熱炒手工菜,1400,[AH01]阿霞飯店
2020F011,生炒生卷麵(小),[B06]熱炒手工菜,440,[AH01]阿霞飯店
2020F012,生炒生卷麵(中),[B06]熱炒手工菜,900,[AH01]阿霞飯店
2020F013,生炒生卷麵(大),[B06]熱炒手工菜,1400,[AH01]阿霞飯店
2020F018,扁魚娃娃菜(中),[B06]熱炒手工菜,360,[AH01]阿霞飯店
2020F019,扁魚娃娃菜(大),[B06]熱炒手工菜,720,[AH01]阿霞飯店
2020F020,雞油炒時蔬,[B06]熱炒手工菜,280,[AH01]阿霞飯店
2020F021,蠔油蔥爆蟳肉(小),[B06]熱炒手工菜,390,[AH01]阿霞飯店
2020F022,蠔油蔥爆蟳肉(中),[B06]熱炒手工菜,680,[AH01]阿霞飯店
2020F023,蠔油蔥爆蟳肉(大),[B06]熱炒手工菜,960,[AH01]阿霞飯店
2020F024,蠔油生炒干貝(小),[B06]熱炒手工菜,480,[AH01]阿霞飯店
2020F025,蠔油生炒干貝(中),[B06]熱炒手工菜,900,[AH01]阿霞飯店
2020F026,蠔油生炒干貝(大),[B06]熱炒手工菜,1380,[AH01]阿霞飯店
2020F027,桂花風散翅(小),[B06]熱炒手工菜,420,[AH01]阿霞飯店
2020F028,桂花風散翅(中),[B06]熱炒手工菜,840,[AH01]阿霞飯店
2020F029,桂花風散翅(大),[B06]熱炒手工菜,1260,[AH01]阿霞飯店
2020F030,桂花蟳肉(小),[B06]熱炒手工菜,420,[AH01]阿霞飯店
2020F031,桂花蟳肉(中),[B06]熱炒手工菜,840,[AH01]阿霞飯店
2020F032,桂花蟳肉(大),[B06]熱炒手工菜,1260,[AH01]阿霞飯店
2020F033,古味南煎肝(小),[B06]熱炒手工菜,400,[AH01]阿霞飯店
2020F034,古味南煎肝((大),[B06]熱炒手工菜,800,[AH01]阿霞飯店
2020F035,嚴選海大蝦(小),[B06]熱炒手工菜,420,[AH01]阿霞飯店
2020F036,嚴選海大蝦(中),[B06]熱炒手工菜,840,[AH01]阿霞飯店
2020F037,嚴選海大蝦(大),[B06]熱炒手工菜,1260,[AH01]阿霞飯店
2020F038,野生海明蝦(隻),[B06]熱炒手工菜,240,[AH01]阿霞飯店
2020F039,避風塘金沙肋排(小),[B06]熱炒手工菜,680,[AH01]阿霞飯店
2020F040,避風塘金沙肋排(大),[B06]熱炒手工菜,1360,[AH01]阿霞飯店
2020F041,金沙鳳梨(大),[B06]熱炒手工菜,288,[AH01]阿霞飯店
2020F042,金沙鳳梨(小),[B06]熱炒手工菜,168,[AH01]阿霞飯店
2020F043,筍乾腿庫,[B06]熱炒手工菜,1080,[AH01]阿霞飯店
2020F047,避風塘金沙肋排,[B06]熱炒手工菜,NULL,[AH01]阿霞飯店
2020F048,櫻花蝦醬炒干貝(小),[B06]熱炒手工菜,800,[AH01]阿霞飯店
2020F049,櫻花蝦醬炒干貝(大),[B06]熱炒手工菜,1600,[AH01]阿霞飯店
2020F052,奶油咖哩戰斧(小),[B06]熱炒手工菜,540,[AH01]阿霞飯店
2020F053,奶油咖哩戰斧(大),[B06]熱炒手工菜,1080,[AH01]阿霞飯店
2020F054,奶油咖哩海鮮(小),[B06]熱炒手工菜,580,[AH01]阿霞飯店
2020F055,奶油咖哩海鮮(大),[B06]熱炒手工菜,1160,[AH01]阿霞飯店
2020F056,奶油咖哩大蝦(小),[B06]熱炒手工菜,660,[AH01]阿霞飯店
2020F057,奶油咖哩大蝦(大),[B06]熱炒手工菜,1320,[AH01]阿霞飯店
2020F058,奶油咖哩螃蟹(小),[B06]熱炒手工菜,780,[AH01]阿霞飯店
2020F059,奶油咖哩螃蟹(大),[B06]熱炒手工菜,1560,[AH01]阿霞飯店
2020F060,金沙中卷(小),[B06]熱炒手工菜,360,[AH01]阿霞飯店
2020F061,金沙中卷(中),[B06]熱炒手工菜,620,[AH01]阿霞飯店
2020F062,金沙中卷(大),[B06]熱炒手工菜,900,[AH01]阿霞飯店
2020F06301,瑤柱酥絲瓜(小),[B06]熱炒手工菜,400,[AH01]阿霞飯店
2020F06302,瑤柱酥絲瓜(大),[B06]熱炒手工菜,800,[AH01]阿霞飯店
2020F064,經典生炒鱔魚,[B06]熱炒手工菜,320,[AH01]阿霞飯店
2020F6401,蛤蠣絲瓜(小),[B06]熱炒手工菜,400,[AH01]阿霞飯店
2020F6402,蛤蠣絲瓜(大),[B06]熱炒手工菜,800,[AH01]阿霞飯店
2020F6432,季節清炒什錦蘆筍,[B06]熱炒手工菜,280,[AH01]阿霞飯店
2020F6433,香檸大蝦球(小),[B06]熱炒手工菜,440,[AH01]阿霞飯店
2020F6434,香檸大蝦球(中),[B06]熱炒手工菜,880,[AH01]阿霞飯店
2023F6438,海鮮醬炒雙脆(小),[B06]熱炒手工菜,480,[AH01]阿霞飯店
2023F6439,海鮮醬炒雙脆(大),[B06]熱炒手工菜,960,[AH01]阿霞飯店
2023F6440,桂花松葉蟹(小),[B06]熱炒手工菜,1200,[AH01]阿霞飯店
2023F6442,黃金娃娃菜(中),[B06]熱炒手工菜,400,[AH01]阿霞飯店
2023F6443,黃金娃娃菜(大),[B06]熱炒手工菜,800,[AH01]阿霞飯店
2023F6444,黃金蟹肉娃娃菜(中),[B06]熱炒手工菜,660,[AH01]阿霞飯店
2023F6445,黃金蟹肉娃娃菜(大),[B06]熱炒手工菜,1320,[AH01]阿霞飯店
2023F6446,瑤柱酥娃娃菜(中),[B06]熱炒手工菜,420,[AH01]阿霞飯店
2023F6447,瑤柱酥娃娃菜(大),[B06]熱炒手工菜,840,[AH01]阿霞飯店
2024B0601,筍乾腿庫(大),[B06]熱炒手工菜,1300,[AH01]阿霞飯店
2024B0602,牡蠣絲瓜(小),[B06]熱炒手工菜,390,[AH01]阿霞飯店
2024B0603,牡蠣絲瓜(大),[B06]熱炒手工菜,780,[AH01]阿霞飯店
2024B0604,大豆苗,[B06]熱炒手工菜,320,[AH01]阿霞飯店
2020G001,虱目魚一夜乾,[B07]經典魚料理,780,[AH01]阿霞飯店
2020G002,龍膽石斑(半),[B07]經典魚料理,860,[AH01]阿霞飯店
2020G003,龍膽石斑(全),[B07]經典魚料理,1720,[AH01]阿霞飯店
2020G004,時令鮮魚(時價),[B07]經典魚料理,NULL,[AH01]阿霞飯店
2020G005,黃金鯧,[B07]經典魚料理,1200,[AH01]阿霞飯店
2020G006,石斑,[B07]經典魚料理,1280,[AH01]阿霞飯店
2020G007,紅鰷清肉(時價),[B07]經典魚料理,NULL,[AH01]阿霞飯店
2020G008,紅鰷全魚(時價),[B07]經典魚料理,NULL,[AH01]阿霞飯店
2020G009,午仔魚x,[B07]經典魚料理,680,[AH01]阿霞飯店
2020G010,西瓜綿龍膽石斑,[B07]經典魚料理,0,[AH01]阿霞飯店
2020G011,特製午魚繡球,[B07]經典魚料理,580,[AH01]阿霞飯店
2023G12,熟成虱目魚肚,[B07]經典魚料理,460,[AH01]阿霞飯店
2020H001,紅燒鮑魚,[B08]預訂料理,NULL,[AH01]阿霞飯店
2020H002,紅燒大排翅,[B08]預訂料理,NULL,[AH01]阿霞飯店
2020H003,雞仔豬肚鱉,[B08]預訂料理,1680,[AH01]阿霞飯店
2020H004,砂鍋鴨(半),[B08]預訂料理,700,[AH01]阿霞飯店
2020H005,砂鍋鴨(全),[B08]預訂料理,1200,[AH01]阿霞飯店
2020H006,砂鍋魚頭(半),[B08]預訂料理,580,[AH01]阿霞飯店
2020H007,砂鍋鮭魚頭(全),[B08]預訂料理,1200,[AH01]阿霞飯店
2020H008,花菇黃金雞湯,[B08]預訂料理,1400,[AH01]阿霞飯店
2020H009,菜蟳白菜鍋,[B08]預訂料理,NULL,[AH01]阿霞飯店
2020H010,薑絲花鰷湯,[B08]預訂料理,NULL,[AH01]阿霞飯店
2020H011,枸杞花鰷湯,[B08]預訂料理,NULL,[AH01]阿霞飯店
2020H012,魷魚螺肉蒜,[B08]預訂料理,1580,[AH01]阿霞飯店
2020H013,鮑魚螺肉蒜,[B08]預訂料理,2900,[AH01]阿霞飯店
2020H014,鹹蛋四寶湯,[B08]預訂料理,1200,[AH01]阿霞飯店
2020H015,波士頓龍蝦,[B08]預訂料理,1680,[AH01]阿霞飯店
2020H016,花菇排翅燉雞湯,[B08]預訂料理,2980,[AH01]阿霞飯店
2020H026,2020年炒飯王香茅雞腿炒飯盤,[B08]預訂料理,260,[AH01]阿霞飯店
2020H027,午仔魚米粉湯,[B08]預訂料理,880,[AH01]阿霞飯店
2020H028,烏魚子腱佐蒜味椒鹽(小),[B08]預訂料理,550,[AH01]阿霞飯店
2020H029,烏魚子腱佐蒜味椒鹽(大),[B08]預訂料理,1100,[AH01]阿霞飯店
2020H030,麻油蒜苗烏魚膘(小),[B08]預訂料理,480,[AH01]阿霞飯店
2020H031,麻油蒜苗烏魚膘(大),[B08]預訂料理,780,[AH01]阿霞飯店
2020H032,酥炸塔香烏魚膘佐蒜味椒鹽(小),[B08]預訂料理,500,[AH01]阿霞飯店
2020H033,酥炸塔香烏魚膘佐蒜味椒鹽(大),[B08]預訂料理,1000,[AH01]阿霞飯店
2020H034,花鰷湯(一隻),[B08]預訂料理,120,[AH01]阿霞飯店
2020H035,花鰷湯(小份),[B08]預訂料理,550,[AH01]阿霞飯店
2020H036,花鰷湯(大份),[B08]預訂料理,1100,[AH01]阿霞飯店
2020H037,菊花鮮蔬,[B08]預訂料理,690,[AH01]阿霞飯店
2020H038,炸茄餅,[B08]預訂料理,360,[AH01]阿霞飯店
2020H039,川七絲瓜煎,[B08]預訂料理,380,[AH01]阿霞飯店
2020H040,煙燻龍膽石斑(半),[B08]預訂料理,840,[AH01]阿霞飯店
2020H041,煙燻龍膽石斑(全),[B08]預訂料理,1880,[AH01]阿霞飯店
2020H042,頂極鮑魚佛跳牆,[B08]預訂料理,7000,[AH01]阿霞飯店
2020H043,澳洲水姑娘龍蝦,[B08]預訂料理,145,[AH01]阿霞飯店
2020H044,香芒大蝦球,[B08]預訂料理,420,[AH01]阿霞飯店
2020H045,香芒脆絲,[B08]預訂料理,180,[AH01]阿霞飯店
2023H046,響螺螺肉蒜,[B08]預訂料理,2080,[AH01]阿霞飯店
2023H047,頂級鮑魚全雞,[B08]預訂料理,NULL,[AH01]阿霞飯店
2023H048,頂級清湯佛跳牆,[B08]預訂料理,NULL,[AH01]阿霞飯店
2023H049,生蠔,[B08]預訂料理,NULL,[AH01]阿霞飯店
2024H001,五味鮮蚵,[B08]預訂料理,220,[AH01]阿霞飯店
2024H002,鮮蚵海鮮羹,[B08]預訂料理,820,[AH01]阿霞飯店
2024H003,油漬鮮蚵炒飯,[B08]預訂料理,360,[AH01]阿霞飯店
2025H001,鮮蚵炒米粉,[B08]預訂料理,480,[AH01]阿霞飯店
2025H002,鮮蚵魷魚螺肉蒜,[B08]預訂料理,960,[AH01]阿霞飯店
2020I002,時令水果(中),[B09]甜點,360,[AH01]阿霞飯店
2020I003,時令水果(大),[B09]甜點,720,[AH01]阿霞飯店
2020I004,經典招牌甜湯(個人盅),[B09]甜點,80,[AH01]阿霞飯店
2020I005,經典招牌甜湯(小),[B09]甜點,360,[AH01]阿霞飯店
2020I006,經典招牌甜湯(大),[B09]甜點,680,[AH01]阿霞飯店
2020I008,經典布丁,[B09]甜點,70,[AH01]阿霞飯店
2020I009,特製點心(顆),[B09]甜點,60,[AH01]阿霞飯店
2020I010,特製點心(10顆),[B09]甜點,600,[AH01]阿霞飯店
2020I011,金甘蟹禮(3個),[B09]甜點,240,[AH01]阿霞飯店
2022K003,KKDAY雙人套餐,[B10]套餐桌菜,NULL,[AH01]阿霞飯店
2022K004,KKDAY四人套餐,[B10]套餐桌菜,NULL,[AH01]阿霞飯店
2022K005,KKDAY雙人套餐2388,[B10]套餐桌菜,2388,[AH01]阿霞飯店
2022K006,KKDAY四人套餐4688,[B10]套餐桌菜,4688,[AH01]阿霞飯店
2022K007,高鐵假期雙人套餐,[B10]套餐桌菜,1980,[AH01]阿霞飯店
2023K023,2023雙人套餐,[B10]套餐桌菜,1980,[AH01]阿霞飯店
2023K024,2023單人套餐,[B10]套餐桌菜,880,[AH01]阿霞飯店
2023K025,高鐵假期單人套餐(新),[B10]套餐桌菜,1000,[AH01]阿霞飯店
2024J16,2024-9800一席,[B10]套餐桌菜,9800,[AH01]阿霞飯店
2024J17,2024-12800一席,[B10]套餐桌菜,12800,[AH01]阿霞飯店
2024J18,2024-15800一席,[B10]套餐桌菜,15800,[AH01]阿霞飯店
2024J19,2024-18800一席,[B10]套餐桌菜,18800,[AH01]阿霞飯店
2024J20,2024-25800一席,[B10]套餐桌菜,25800,[AH01]阿霞飯店
2024J21,2024-6200半席,[B10]套餐桌菜,6200,[AH01]阿霞飯店
2024J22,2024-8900半席,[B10]套餐桌菜,8900,[AH01]阿霞飯店
2025J24,2025單人套餐1380元,[B10]套餐桌菜,1380,[AH01]阿霞飯店
2025J25,2025單人套餐1680元,[B10]套餐桌菜,1680,[AH01]阿霞飯店
2025J26,2025單人套餐2880元,[B10]套餐桌菜,2880,[AH01]阿霞飯店
2025J27,2025雙人套餐2680元,[B10]套餐桌菜,2680,[AH01]阿霞飯店
2025J28,2025雙人套餐4880元,[B10]套餐桌菜,4880,[AH01]阿霞飯店
2025J29,2025-9800桌菜,[B10]套餐桌菜,9800,[AH01]阿霞飯店
2025J30,2025-12800桌菜,[B10]套餐桌菜,12800,[AH01]阿霞飯店
2025J31,2025-15800桌菜,[B10]套餐桌菜,15800,[AH01]阿霞飯店
2025J32,2025-18800桌菜,[B10]套餐桌菜,18800,[AH01]阿霞飯店
2025J33,2025-25800桌菜,[B10]套餐桌菜,25800,[AH01]阿霞飯店
2025J34,2025-6200桌菜,[B10]套餐桌菜,6200,[AH01]阿霞飯店
2025J35,2025-8900桌菜,[B10]套餐桌菜,8900,[AH01]阿霞飯店
2020K001,烏子豪華大拚,[B11]套餐桌菜明細,NULL,[AH01]阿霞飯店
2020K002,蟹肉手剝蝦羹,[B11]套餐桌菜明細,NULL,[AH01]阿霞飯店
2020K003,招牌紅蟳米糕,[B11]套餐桌菜明細,NULL,[AH01]阿霞飯店
2020K004,傳統干貝豬肚,[B11]套餐桌菜明細,NULL,[AH01]阿霞飯店
2020K005,霞味生炒鱔魚,[B11]套餐桌菜明細,NULL,[AH01]阿霞飯店
2020K006,鹽水白灼鮮蝦,[B11]套餐桌菜明細,NULL,[AH01]阿霞飯店
2020K007,寶島時令鮮果,[B11]套餐桌菜明細,NULL,[AH01]阿霞飯店
2020K008,手作布丁,[B11]套餐桌菜明細,NULL,[AH01]阿霞飯店
2020K009,阿霞經典甜湯,[B11]套餐桌菜明細,NULL,[AH01]阿霞飯店
2020K010,炭烤野生烏子,[B11]套餐桌菜明細,NULL,[AH01]阿霞飯店
2020K011,六色經典拼盤,[B11]套餐桌菜明細,NULL,[AH01]阿霞飯店
2020K012,鮮蝦炸路雙品,[B11]套餐桌菜明細,NULL,[AH01]阿霞飯店
2020K013,傳統紅燒魚翅,[B11]套餐桌菜明細,NULL,[AH01]阿霞飯店
2020K014,香菇清燉腳筋,[B11]套餐桌菜明細,NULL,[AH01]阿霞飯店
2020K015,蠔油樹子石斑,[B11]套餐桌菜明細,NULL,[AH01]阿霞飯店
2020K016,蔥爆彩椒蟳肉,[B11]套餐桌菜明細,NULL,[AH01]阿霞飯店
2020K017,五味九孔雙拼,[B11]套餐桌菜明細,NULL,[AH01]阿霞飯店
2020K018,花菇排翅燉雞,[B11]套餐桌菜明細,NULL,[AH01]阿霞飯店
2020K019,北寄貝豬肚湯,[B11]套餐桌菜明細,NULL,[AH01]阿霞飯店
2020K020,五柳枝鮮海魚,[B11]套餐桌菜明細,NULL,[AH01]阿霞飯店
2020K021,蒜蓉清蒸大蝦,[B11]套餐桌菜明細,NULL,[AH01]阿霞飯店
2020K022,招牌手路六品,[B11]套餐桌菜明細,NULL,[AH01]阿霞飯店
2020K023,蔥油清蒸波龍,[B11]套餐桌菜明細,NULL,[AH01]阿霞飯店
2020K024,上湯一品海參,[B11]套餐桌菜明細,NULL,[AH01]阿霞飯店
2020K025,鮑魚干貝豬肚,[B11]套餐桌菜明細,NULL,[AH01]阿霞飯店
2020K026,蠔油樹子龍膽,[B11]套餐桌菜明細,NULL,[AH01]阿霞飯店
2020K027,彩椒松阪鮮菇,[B11]套餐桌菜明細,NULL,[AH01]阿霞飯店
2020K028,迎賓烏子參品,[B11]套餐桌菜明細,NULL,[AH01]阿霞飯店
2020K029,清蒸深海明蝦,[B11]套餐桌菜明細,NULL,[AH01]阿霞飯店
2020K030,紅燒頂級鮑魚,[B11]套餐桌菜明細,NULL,[AH01]阿霞飯店
2020K031,頂級雙蟳米糕,[B11]套餐桌菜明細,NULL,[AH01]阿霞飯店
2020K032,四寶清燉大翅,[B11]套餐桌菜明細,NULL,[AH01]阿霞飯店
2020K033,樹子蒸紅鰷班,[B11]套餐桌菜明細,NULL,[AH01]阿霞飯店
2020K034,彩椒生炒干貝,[B11]套餐桌菜明細,NULL,[AH01]阿霞飯店
2020K035,添壽長壽麵,[B11]套餐桌菜明細,NULL,[AH01]阿霞飯店
2020K061,鹽水鮮蝦拼盤,[B11]套餐桌菜明細,NULL,[AH01]阿霞飯店
2020K062,傳統紅燒魚翅,[B11]套餐桌菜明細,NULL,[AH01]阿霞飯店
2020K063,經典干貝豬肚,[B11]套餐桌菜明細,NULL,[AH01]阿霞飯店
2020K064,樹子清蒸石斑,[B11]套餐桌菜明細,NULL,[AH01]阿霞飯店
2020K065,干貝酥有機蔬,[B11]套餐桌菜明細,NULL,[AH01]阿霞飯店
2020K066,豪華六品拼盤,[B11]套餐桌菜明細,NULL,[AH01]阿霞飯店
2020K067,花菇四寶大翅,[B11]套餐桌菜明細,NULL,[AH01]阿霞飯店
2020K068,北寄貝豬肚盅,[B11]套餐桌菜明細,NULL,[AH01]阿霞飯店
2020K069,五柳枝海時魚,[B11]套餐桌菜明細,NULL,[AH01]阿霞飯店
2020K070,阿霞生炒鱔魚,[B11]套餐桌菜明細,NULL,[AH01]阿霞飯店
2020K071,外帶26加紅蟳,[B11]套餐桌菜明細,480,[AH01]阿霞飯店
2020K072,外帶26換紅米,[B11]套餐桌菜明細,280,[AH01]阿霞飯店
2020K073,外帶加紅蟳兩隻,[B11]套餐桌菜明細,900,[AH01]阿霞飯店
2020K074,外帶換紅米,[B11]套餐桌菜明細,600,[AH01]阿霞飯店
2020K075,寶島時令水果,[B11]套餐桌菜明細,NULL,[AH01]阿霞飯店
2020K076,避風塘金沙排,[B11]套餐桌菜明細,NULL,[AH01]阿霞飯店
2020K077,五味九孔雙拼,[B11]套餐桌菜明細,NULL,[AH01]阿霞飯店
2020K078,鮮露清蒸龍蝦,[B11]套餐桌菜明細,NULL,[AH01]阿霞飯店
2020K079,櫻蝦醬炒帶子,[B11]套餐桌菜明細,NULL,[AH01]阿霞飯店
2020K080,烏金手作拼盤,[B11]套餐桌菜明細,0,[AH01]阿霞飯店
2020K081,蟹肉手剝蝦羹,[B11]套餐桌菜明細,0,[AH01]阿霞飯店
2020K082,經典杏仁豆腐,[B11]套餐桌菜明細,0,[AH01]阿霞飯店
2020K083,海陸手作拼盤,[B11]套餐桌菜明細,0,[AH01]阿霞飯店
2020K084,豬肝捲,[B11]套餐桌菜明細,NULL,[AH01]阿霞飯店
2020K085,五柳枝龍膽斑,[B11]套餐桌菜明細,NULL,[AH01]阿霞飯店
2020K086,帶子手剝蝦羹,[B11]套餐桌菜明細,NULL,[AH01]阿霞飯店
2020K087,特製紅蟳米糕,[B11]套餐桌菜明細,NULL,[AH01]阿霞飯店
2020K088,櫻蝦有機鮮蔬,[B11]套餐桌菜明細,NULL,[AH01]阿霞飯店
2020K089,樹子清蒸午魚,[B11]套餐桌菜明細,NULL,[AH01]阿霞飯店
2020K562,雞油有機時蔬,[B11]套餐桌菜明細,NULL,[AH01]阿霞飯店
2020K563,開胃虱目魚餅,[B11]套餐桌菜明細,NULL,[AH01]阿霞飯店
2020K564,蟹腿肉鮮蝦羹,[B11]套餐桌菜明細,NULL,[AH01]阿霞飯店
2020K565,精選特製點心（蛇包）,[B11]套餐桌菜明細,NULL,[AH01]阿霞飯店
2020K566,經典招牌甜湯,[B11]套餐桌菜明細,NULL,[AH01]阿霞飯店
2020K567,爆焰生炒鱔魚(小),[B11]套餐桌菜明細,NULL,[AH01]阿霞飯店
2020K568,花菇干貝豬肚,[B11]套餐桌菜明細,NULL,[AH01]阿霞飯店
2020K569,思慕海鮮鮮蔬,[B11]套餐桌菜明細,NULL,[AH01]阿霞飯店
2020K570,特製招牌甜點,[B11]套餐桌菜明細,NULL,[AH01]阿霞飯店
2020K571,樹子龍膽石斑,[B11]套餐桌菜明細,NULL,[AH01]阿霞飯店
2020K572,蒜香金沙大蝦,[B11]套餐桌菜明細,NULL,[AH01]阿霞飯店
2020K573,魚翅球扒娃菜,[B11]套餐桌菜明細,NULL,[AH01]阿霞飯店
2020K574,開胃烏金雙品,[B11]套餐桌菜明細,NULL,[AH01]阿霞飯店
2020K575,經典五品拼盤,[B11]套餐桌菜明細,NULL,[AH01]阿霞飯店
2020K576,精選特製點心(流沙包),[B11]套餐桌菜明細,NULL,[AH01]阿霞飯店
2020K577,迎賓開胃雙品,[B11]套餐桌菜明細,NULL,[AH01]阿霞飯店
2020K578,烏金六品拼盤,[B11]套餐桌菜明細,NULL,[AH01]阿霞飯店
2020K579,六六大順喜迎客,[B11]套餐桌菜明細,NULL,[AH01]阿霞飯店
2020K580,金沙波龍蝦,[B11]套餐桌菜明細,NULL,[AH01]阿霞飯店
2020K581,豪華紅蟳米糕,[B11]套餐桌菜明細,NULL,[AH01]阿霞飯店
2020K582,上湯帶子鮮蔬,[B11]套餐桌菜明細,NULL,[AH01]阿霞飯店
2020K583,鮮猛活正龍蝦,[B11]套餐桌菜明細,NULL,[AH01]阿霞飯店
2020K584,經典老滷腿庫,[B11]套餐桌菜明細,NULL,[AH01]阿霞飯店
2020K585,特製紅蟳蒸米糕,[B11]套餐桌菜明細,NULL,[AH01]阿霞飯店
2020K586,頂級清湯佛跳牆,[B11]套餐桌菜明細,NULL,[AH01]阿霞飯店
2020K587,煙燻龍膽石斑,[B11]套餐桌菜明細,NULL,[AH01]阿霞飯店
2020K588,上湯海鮮娃菜,[B11]套餐桌菜明細,NULL,[AH01]阿霞飯店
2020K589,十全十美迎賓客,[B11]套餐桌菜明細,NULL,[AH01]阿霞飯店
2020K590,迎賓開胃四小福,[B11]套餐桌菜明細,NULL,[AH01]阿霞飯店
2020K591,富貴花好月圓,[B11]套餐桌菜明細,NULL,[AH01]阿霞飯店
2020K592,五福大拼盤,[B11]套餐桌菜明細,NULL,[AH01]阿霞飯店
2020K593,蒜蓉蒸波龍蝦,[B11]套餐桌菜明細,NULL,[AH01]阿霞飯店
2020K594,樹子蒸龍虎斑,[B11]套餐桌菜明細,NULL,[AH01]阿霞飯店
2020K595,蜷尾家冰淇淋,[B11]套餐桌菜明細,NULL,[AH01]阿霞飯店
2020K596,迎賓五路拼,[B11]套餐桌菜明細,NULL,[AH01]阿霞飯店
2020K597,六六大順福滿盈,[B11]套餐桌菜明細,NULL,[AH01]阿霞飯店
2020K598,清蒸鮮活龍蝦,[B11]套餐桌菜明細,NULL,[AH01]阿霞飯店
2020K599,上湯貝酥鮮蔬,[B11]套餐桌菜明細,NULL,[AH01]阿霞飯店
2020K600,馬告第二瓶,[B11]套餐桌菜明細,-90,[AH01]阿霞飯店
2020K601,果昔第二瓶,[B11]套餐桌菜明細,-100,[AH01]阿霞飯店
2020K602,馬告+果昔第二瓶,[B11]套餐桌菜明細,-100,[AH01]阿霞飯店
2020K603,響螺干貝豬肚湯,[B11]套餐桌菜明細,NULL,[AH01]阿霞飯店
2020K604,干貝酥娃娃菜,[B11]套餐桌菜明細,NULL,[AH01]阿霞飯店
2020K605,精緻時令小點,[B11]套餐桌菜明細,NULL,[AH01]阿霞飯店
2020K606,八品玲瓏喜迎客,[B11]套餐桌菜明細,NULL,[AH01]阿霞飯店
2020K607,頂級鮑魚全雞盅,[B11]套餐桌菜明細,NULL,[AH01]阿霞飯店
2020K608,黃金蟹肉娃菜,[B11]套餐桌菜明細,NULL,[AH01]阿霞飯店
2020K609,櫻蝦醬炒雙脆,[B11]套餐桌菜明細,NULL,[AH01]阿霞飯店
2023K01,筍乾老滷腿庫,[B11]套餐桌菜明細,NULL,[AH01]阿霞飯店
2023K02,瑤柱酥娃娃菜,[B11]套餐桌菜明細,NULL,[AH01]阿霞飯店
2023K03,經典山海拼盤,[B11]套餐桌菜明細,NULL,[AH01]阿霞飯店
2023K04,烏魚子炒飯,[B11]套餐桌菜明細,NULL,[AH01]阿霞飯店
2023K05,烏金山海拼盤,[B11]套餐桌菜明細,0,[AH01]阿霞飯店
2023K06,招牌生炒鱔魚,[B11]套餐桌菜明細,NULL,[AH01]阿霞飯店
2023K07,經典紅蟳米糕,[B11]套餐桌菜明細,NULL,[AH01]阿霞飯店
2023K08,精選特製點心（蛇包）,[B11]套餐桌菜明細,NULL,[AH01]阿霞飯店
2023K09,招牌杏仁甜湯,[B11]套餐桌菜明細,NULL,[AH01]阿霞飯店
2023K10,贈送asha果汁啤酒乙瓶,[B11]套餐桌菜明細,NULL,[AH01]阿霞飯店
2023K11,經典紅蟳米糕(半),[B11]套餐桌菜明細,NULL,[AH01]阿霞飯店
2023K12,銀耳蓮子甜湯,[B11]套餐桌菜明細,NULL,[AH01]阿霞飯店
2023K13,東港櫻花蝦鮮肉包6入,[B11]套餐桌菜明細,NULL,[AH01]阿霞飯店
2023K14,蟹肉海鮮羹,[B11]套餐桌菜明細,NULL,[AH01]阿霞飯店
2023K15,精選特製點心（蛇包）,[B11]套餐桌菜明細,NULL,[AH01]阿霞飯店
2025K01,山海手作拼盤,[B11]套餐桌菜明細,NULL,[AH01]阿霞飯店
2025K02,蟹肉海鮮羹,[B11]套餐桌菜明細,NULL,[AH01]阿霞飯店
2025K03,筍乾老滷豬腳,[B11]套餐桌菜明細,NULL,[AH01]阿霞飯店
2025K04,招牌紅蟳米糕,[B11]套餐桌菜明細,NULL,[AH01]阿霞飯店
2025K05,花菇干貝豬肚,[B11]套餐桌菜明細,NULL,[AH01]阿霞飯店
2025K06,爆焱生炒鱔魚,[B11]套餐桌菜明細,NULL,[AH01]阿霞飯店
2025K07,雞油扁魚娃菜,[B11]套餐桌菜明細,NULL,[AH01]阿霞飯店
2025K08,紅燒魚翅羹,[B11]套餐桌菜明細,NULL,[AH01]阿霞飯店
2025K09,蠔油干貝蟳肉,[B11]套餐桌菜明細,NULL,[AH01]阿霞飯店
2025K10,魷魚螺肉蒜湯,[B11]套餐桌菜明細,NULL,[AH01]阿霞飯店
2025K11,海鮮醬娃娃菜,[B11]套餐桌菜明細,NULL,[AH01]阿霞飯店
2025K12,時令鮮果甜湯,[B11]套餐桌菜明細,NULL,[AH01]阿霞飯店
2025K13,豪華山海拼盤,[B11]套餐桌菜明細,NULL,[AH01]阿霞飯店
2025K14,富貴海皇羹,[B11]套餐桌菜明細,NULL,[AH01]阿霞飯店
2025K15,蒜蓉蒸海龍蝦,[B11]套餐桌菜明細,NULL,[AH01]阿霞飯店
2025K16,特製紅蟳蒸米糕,[B11]套餐桌菜明細,NULL,[AH01]阿霞飯店
2025K17,清湯佛跳牆盅,[B11]套餐桌菜明細,NULL,[AH01]阿霞飯店
2025K18,五柳枝龍膽斑,[B11]套餐桌菜明細,NULL,[AH01]阿霞飯店
2025K19,海鮮醬炒雙脆,[B11]套餐桌菜明細,NULL,[AH01]阿霞飯店
2025K20,烏金山海拼盤,[B11]套餐桌菜明細,NULL,[AH01]阿霞飯店
2025K21,烏金開胃三品,[B11]套餐桌菜明細,NULL,[AH01]阿霞飯店
2025K22,野生烏金雙品,[B11]套餐桌菜明細,NULL,[AH01]阿霞飯店
2025K23,鮮蝦炸路雙拼,[B11]套餐桌菜明細,NULL,[AH01]阿霞飯店
2025K24,海皇帶子羹,[B11]套餐桌菜明細,NULL,[AH01]阿霞飯店
2025K25,螺貝干貝豬肚,[B11]套餐桌菜明細,NULL,[AH01]阿霞飯店
2025K26,黃金高山娃菜,[B11]套餐桌菜明細,NULL,[AH01]阿霞飯店
2025K27,五味九孔雙拼,[B11]套餐桌菜明細,NULL,[AH01]阿霞飯店
2025K28,烏金迎賓六品,[B11]套餐桌菜明細,NULL,[AH01]阿霞飯店
2025K29,花菇清燉蹄筋,[B11]套餐桌菜明細,NULL,[AH01]阿霞飯店
2025K30,五柳枝龍膽斑,[B11]套餐桌菜明細,NULL,[AH01]阿霞飯店
2025K31,黃金蟹肉娃菜,[B11]套餐桌菜明細,NULL,[AH01]阿霞飯店
2025K32,八品玲瓏喜迎客,[B11]套餐桌菜明細,NULL,[AH01]阿霞飯店
2025K33,蒜蓉蒸海龍,[B11]套餐桌菜明細,NULL,[AH01]阿霞飯店
2025K34,筍乾老滷腿庫,[B11]套餐桌菜明細,NULL,[AH01]阿霞飯店
2025K35,四寶清燉大翅,[B11]套餐桌菜明細,NULL,[AH01]阿霞飯店
2025K36,十全十美迎賓客,[B11]套餐桌菜明細,NULL,[AH01]阿霞飯店
2025K37,鮮猛活正龍蝦,[B11]套餐桌菜明細,NULL,[AH01]阿霞飯店
2025K38,筍乾老滷腿庫,[B11]套餐桌菜明細,NULL,[AH01]阿霞飯店
2025K39,特製紅蟳蒸米糕,[B11]套餐桌菜明細,NULL,[AH01]阿霞飯店
2025K40,時令時鮮魚,[B11]套餐桌菜明細,NULL,[AH01]阿霞飯店
2025K41,頂級清湯佛跳牆,[B11]套餐桌菜明細,NULL,[AH01]阿霞飯店
2025K42,海鮮醬炒雙脆,[B11]套餐桌菜明細,NULL,[AH01]阿霞飯店
2025K43,蒜蓉蒸大蝦,[B11]套餐桌菜明細,NULL,[AH01]阿霞飯店
2025K44,虱目魚脆餅（老闆招待）,[B11]套餐桌菜明細,NULL,[AH01]阿霞飯店
B14001,豬腳麵線葷+甜湯(凍),[B14]線上購物,788,[AH01]阿霞飯店
B14002,豬腳麵線素+甜湯(凍),[B14]線上購物,788,[AH01]阿霞飯店
B14003,2025錦甘蟹流心月餅6入,[B14]線上購物,599,[AH01]阿霞飯店
B14004,2021一口烏大,[B14]線上購物,1920,[AH01]阿霞飯店
B14005,2021一口烏小,[B14]線上購物,980,[AH01]阿霞飯店
B14006,個人佛跳牆2入(凍),[B14]線上購物,1200,[AH01]阿霞飯店
B14023,彌月油飯試吃-雞腿(凍),[B14]線上購物,400,[AH01]阿霞飯店
B14024,豬腳麵線（禮盒版）,[B14]線上購物,560,[AH01]阿霞飯店
B14025,大腿庫麵線(禮盒版),[B14]線上購物,1180,[AH01]阿霞飯店
B14026,小腿庫麵線(禮盒版),[B14]線上購物,700,[AH01]阿霞飯店
B14027,筍乾腿庫(凍),[B14]線上購物,980,[AH01]阿霞飯店
B14028,老滷豬腳(凍),[B14]線上購物,499,[AH01]阿霞飯店
B14029,午仔魚米粉,[B14]線上購物,680,[AH01]阿霞飯店
B14030,香茅雞腿炒飯,[B14]線上購物,180,[AH01]阿霞飯店
B14031,野生烏金炒飯,[B14]線上購物,360,[AH01]阿霞飯店
B14032,蛋酥台味米粉,[B14]線上購物,240,[AH01]阿霞飯店
B14033,櫻花蝦米糕(凍),[B14]線上購物,660,[AH01]阿霞飯店
B14034,紅棗銀耳蓮子(凍),[B14]線上購物,240,[AH01]阿霞飯店
B14035,雞仔豬肚鱉,[B14]線上購物,880,[AH01]阿霞飯店
B14036,蟹肉海鮮羹(凍),[B14]線上購物,760,[AH01]阿霞飯店
B14037,櫻蝦干貝醬,[B14]線上購物,299,[AH01]阿霞飯店
B14038,思慕干貝醬,[B14]線上購物,199,[AH01]阿霞飯店
B14039,金感霞干貝醬-三組入,[B14]線上購物,888,[AH01]阿霞飯店
B14040,生炒鱔魚意麵 小,[B14]線上購物,390,[AH01]阿霞飯店
B14041,生炒鱔魚意麵-大,[B14]線上購物,680,[AH01]阿霞飯店
B14042,干貝豬肚湯,[B14]線上購物,580,[AH01]阿霞飯店
B14043,香蓮荷葉米糕粽禮盒,[B14]線上購物,499,[AH01]阿霞飯店
B14044,宅配費,[B14]線上購物,260,[AH01]阿霞飯店
B14045,錦霞經典箱,[B14]線上購物,4888,[AH01]阿霞飯店
B14046,超值一周主食箱,[B14]線上購物,2488,[AH01]阿霞飯店
B14047,不會群聚箱,[B14]線上購物,1999,[AH01]阿霞飯店
B14048,就是要湯箱,[B14]線上購物,2588,[AH01]阿霞飯店
B14049,白飯自備箱,[B14]線上購物,2899,[AH01]阿霞飯店
B14050,鰻魚米糕,[B14]線上購物,680,[AH01]阿霞飯店
B14051,大紅米,[B14]線上購物,1680,[AH01]阿霞飯店
B14052,蝦棗,[B14]線上購物,280,[AH01]阿霞飯店
B14053,蟳丸,[B14]線上購物,280,[AH01]阿霞飯店
B14054,豬肝捲,[B14]線上購物,190,[AH01]阿霞飯店
B14055,大腸頭,[B14]線上購物,480,[AH01]阿霞飯店
b14056,錦霞樓x吳小可組,[B14]線上購物,2599,[AH01]阿霞飯店
B14057,金沙肋排,[B14]線上購物,560,[AH01]阿霞飯店
B14059,干貝海鮮羹,[B14]線上購物,700,[AH01]阿霞飯店
B14060,筍乾腿庫(大),[B14]線上購物,880,[AH01]阿霞飯店
B14061,筍乾腿庫(半),[B14]線上購物,460,[AH01]阿霞飯店
B14062,SUKI推薦組,[B14]線上購物,2499,[AH01]阿霞飯店
B14063,經典手作拼盤(凍),[B14]線上購物,660,[AH01]阿霞飯店
B14064,生炒鱔魚,[B14]線上購物,400,[AH01]阿霞飯店
B14065,MRE雙湯組,[B14]線上購物,580,[AH01]阿霞飯店
B14066,金牌爸爸,[B14]線上購物,3888,[AH01]阿霞飯店
B14067,花菇干貝豬肚,[B14]線上購物,760,[AH01]阿霞飯店
B14068,小紅米,[B14]線上購物,NULL,[AH01]阿霞飯店
B14070,精選袋茶,[B14]線上購物,NULL,[AH01]阿霞飯店
B14071,W.W.L龍蝦堡,[B14]線上購物,1280,[AH01]阿霞飯店
B14072,金滿溢超值組,[B14]線上購物,2688,[AH01]阿霞飯店
B14073,干貝豬肚,[B14]線上購物,0,[AH01]阿霞飯店
B14074,櫻花蝦干貝醬,[B14]線上購物,0,[AH01]阿霞飯店
B14075,精選茶葉,[B14]線上購物,0,[AH01]阿霞飯店
B14076,床的世界經典組,[B14]線上購物,1999,[AH01]阿霞飯店
B14077,海鮮羹,[B14]線上購物,NULL,[AH01]阿霞飯店
B14078,特製啤酒滷肉,[B14]線上購物,480,[AH01]阿霞飯店
B14079,魷魚螺肉蒜,[B14]線上購物,1280,[AH01]阿霞飯店
B14080,魷魚意麵,[B14]線上購物,390,[AH01]阿霞飯店
B14081,中國生產力A組,[B14]線上購物,1999,[AH01]阿霞飯店
B14082,中國生產力B組,[B14]線上購物,1999,[AH01]阿霞飯店
B14083,澎湃年菜9件組,[B14]線上購物,4980,[AH01]阿霞飯店
B14084,招牌年菜5件組,[B14]線上購物,2980,[AH01]阿霞飯店
B14085,烏金切片(盒),[B14]線上購物,660,[AH01]阿霞飯店
B14087,造型流沙包,[B14]線上購物,600,[AH01]阿霞飯店
B14089,LINE紅蟳米糕,[B14]線上購物,1344,[AH01]阿霞飯店
B14090,LINE蟹肉羹,[B14]線上購物,450,[AH01]阿霞飯店
B14091,LINE干貝肚,[B14]線上購物,435,[AH01]阿霞飯店
B14092,LINE老滷豬腳,[B14]線上購物,285,[AH01]阿霞飯店
B14093,招牌紅蟳米糕-大(凍),[B14]線上購物,2200,[AH01]阿霞飯店
B14094,招牌紅蟳米糕-小(凍),[B14]線上購物,1180,[AH01]阿霞飯店
B14095,生炒鱔魚意麵(凍),[B14]線上購物,940,[AH01]阿霞飯店
B14096,蟳丸(凍),[B14]線上購物,380,[AH01]阿霞飯店
B14097,蝦棗(凍),[B14]線上購物,380,[AH01]阿霞飯店
B14098,老滷豬腳(凍),[B14]線上購物,499,[AH01]阿霞飯店
B14099,豬肝捲(凍),[B14]線上購物,220,[AH01]阿霞飯店
B14100,紅棗銀耳蓮子(凍),[B14]線上購物,240,[AH01]阿霞飯店
B14101,干貝豬肚湯(凍),[B14]線上購物,760,[AH01]阿霞飯店
B14102,雞仔豬肚鱉(凍),[B14]線上購物,1580,[AH01]阿霞飯店
B14103,砂鍋鴨(半隻)（凍）,[B14]線上購物,780,[AH01]阿霞飯店
B14104,母親節5688,[B14]線上購物,5688,[AH01]阿霞飯店
B14105,腿庫麵線(凍),[B14]線上購物,NULL,[AH01]阿霞飯店
B14106,阿霞特製佛跳牆(凍),[B14]線上購物,NULL,[AH01]阿霞飯店
B14107,主廚特製台式佛跳牆,[B14]線上購物,2380,[AH01]阿霞飯店
B14108,魚香蹄膀,[B14]線上購物,480,[AH01]阿霞飯店
B14109,荷葉金沙米糕,[B14]線上購物,199,[AH01]阿霞飯店
B14110,紹興醉蝦(凍),[B14]線上購物,240,[AH01]阿霞飯店
B14111,人蔘雞湯,[B14]線上購物,520,[AH01]阿霞飯店
B14112,腿庫麵線,[B14]線上購物,999,[AH01]阿霞飯店
B14113,期間限定-月桃甜粽,[B14]線上購物,550,[AH01]阿霞飯店
B14114,藥膳雞湯（盅）,[B14]線上購物,320,[AH01]阿霞飯店
B14115,清燉大翅湯(凍),[B14]線上購物,3000,[AH01]阿霞飯店
B14116,花菇排翅燉雞湯(凍),[B14]線上購物,3000,[AH01]阿霞飯店
B14118,花菇腳筋湯(凍),[B14]線上購物,1580,[AH01]阿霞飯店
B14119,加購醬料,[B14]線上購物,30,[AH01]阿霞飯店
b14120,加購泡菜,[B14]線上購物,60,[AH01]阿霞飯店
B14121,保冷劑,[B14]線上購物,0,[AH01]阿霞飯店
B14122,金甘蟹(紙盒版),[B14]線上購物,580,[AH01]阿霞飯店
B14123,金甘蟹(木盒版),[B14]線上購物,780,[AH01]阿霞飯店
B14124,蟹禮米餅(鐵盒),[B14]線上購物,580,[AH01]阿霞飯店
B14125,1940在臺南,[B14]線上購物,380,[AH01]阿霞飯店
B14127,阿霞招牌甜湯(凍),[B14]線上購物,460,[AH01]阿霞飯店
B14129,1111限定/紅蟳米糕第二件加購價,[B14]線上購物,1111,[AH01]阿霞飯店
B14130,1111限定/阿霞甜湯第二件加購價,[B14]線上購物,111,[AH01]阿霞飯店
B14134,野生烏魚子(凍),[B14]線上購物,0,[AH01]阿霞飯店
B14135,砂鍋鴨腿煲(凍),[B14]線上購物,360,[AH01]阿霞飯店
B14136,代收手續費,[B14]線上購物,0,[AH01]阿霞飯店
B14140,招牌米糕（凍）,[B14]線上購物,300,[AH01]阿霞飯店
B14141,手工拼盤(棗、蟳、豬肝捲)（凍）,[B14]線上購物,660,[AH01]阿霞飯店
B14142,黑豆天貝素米糕（純素）,[B14]線上購物,388,[AH01]阿霞飯店
B14143,蒲燒鰻米糕,[B14]線上購物,368,[AH01]阿霞飯店
B14144,龍年開運年菜,[B14]線上購物,4999,[AH01]阿霞飯店
B14145,筍乾腿庫(凍),[B14]線上購物,980,[AH01]阿霞飯店
B14146,龍年六品年菜,[B14]線上購物,3099,[AH01]阿霞飯店
B14147,響螺干貝豬肚（凍）,[B14]線上購物,1280,[AH01]阿霞飯店
B14148,烏魚子（木盒）,[B14]線上購物,2400,[AH01]阿霞飯店
B14149,東港櫻蝦包,[B14]線上購物,360,[AH01]阿霞飯店
B14150,烏金干貝醬,[B14]線上購物,390,[AH01]阿霞飯店
B14151,2024蟹肉干貝粽,[B14]線上購物,368,[AH01]阿霞飯店
B14152,2024 錦霞樓小卷炊粉,[B14]線上購物,286,[AH01]阿霞飯店
B14153,2024錦甘蟹流心月餅6入,[B14]線上購物,588,[AH01]阿霞飯店
B14154,錦甘蟹烏金XO醬,[B14]線上購物,220,[AH01]阿霞飯店
B14155,花菇干貝燉雞(凍),[B14]線上購物,1580,[AH01]阿霞飯店
B14156,2025精選年菜組(4-6人份),[B14]線上購物,3999,[AH01]阿霞飯店
B14157,2025招牌年菜組(6-8人份),[B14]線上購物,5999,[AH01]阿霞飯店
B14158,特製佛跳牆(凍),[B14]線上購物,2380,[AH01]阿霞飯店
B14159,凍砂鍋鴨（全/含鍋）,[B14]線上購物,1350,[AH01]阿霞飯店
B14160,錦霞樓蟹肉粽,[B14]線上購物,368,[AH01]阿霞飯店
B14161,豬腳麵線（凍）,[B14]線上購物,520,[AH01]阿霞飯店
B14162,素豬腳麵線（凍）,[B14]線上購物,520,[AH01]阿霞飯店
B14163,帝王蟹肉粽,[B14]線上購物,799,[AH01]阿霞飯店
B14164,錦甘蟹烏金XO醬（2入）,[B14]線上購物,499,[AH01]阿霞飯店
B14165,蟹肉干貝粽,[B14]線上購物,330,[AH01]阿霞飯店
B17001,金牌啤酒(瓶),[B17]酒精性飲品,150,[AH01]阿霞飯店
B17002,海尼根啤酒(瓶),[B17]酒精性飲品,180,[AH01]阿霞飯店
B17003,18天生啤酒(瓶),[B17]酒精性飲品,180,[AH01]阿霞飯店
B17004,蘇格登12年,[B17]酒精性飲品,1380,[AH01]阿霞飯店
B17005,詩貝總裁精選,[B17]酒精性飲品,1490,[AH01]阿霞飯店
B17006,百齡罈17年,[B17]酒精性飲品,1800,[AH01]阿霞飯店
B17007,格蘭利威13年雪莉桶,[B17]酒精性飲品,2200,[AH01]阿霞飯店
B17008,麥卡倫12年雙桶,[B17]酒精性飲品,2350,[AH01]阿霞飯店
B17009,百富12年雙桶,[B17]酒精性飲品,1900,[AH01]阿霞飯店
B17010,噶瑪蘭,[B17]酒精性飲品,2150,[AH01]阿霞飯店
B17011,皇家禮炮21年,[B17]酒精性飲品,3850,[AH01]阿霞飯店
B17012,約翰走路藍牌,[B17]酒精性飲品,5100,[AH01]阿霞飯店
B17013,日本明石信威士忌梅酒,[B17]酒精性飲品,800,[AH01]阿霞飯店
B17014,白鶴梅酒,[B17]酒精性飲品,850,[AH01]阿霞飯店
B17015,軒尼詩干邑白蘭地VSOP,[B17]酒精性飲品,1980,[AH01]阿霞飯店
B17016,紹興酒陳年,[B17]酒精性飲品,350,[AH01]阿霞飯店
B17017,紹興酒陳年,[B17]酒精性飲品,450,[AH01]阿霞飯店
B17018,紹興酒十年窖藏,[B17]酒精性飲品,600,[AH01]阿霞飯店
B17019,紹興酒十年窖藏(甕),[B17]酒精性飲品,2000,[AH01]阿霞飯店
B17020,玉泉清酒,[B17]酒精性飲品,250,[AH01]阿霞飯店
B17021,金門高粱38度(小),[B17]酒精性飲品,350,[AH01]阿霞飯店
B17022,金門高粱58度(小),[B17]酒精性飲品,380,[AH01]阿霞飯店
B17023,金門高粱58度(大),[B17]酒精性飲品,780,[AH01]阿霞飯店
B17024,氣泡酒,[B17]酒精性飲品,NULL,[AH01]阿霞飯店
B17025,小瓶葡萄酒,[B17]酒精性飲品,NULL,[AH01]阿霞飯店
B17026,白葡萄酒,[B17]酒精性飲品,NULL,[AH01]阿霞飯店
B17027,紅葡萄酒,[B17]酒精性飲品,NULL,[AH01]阿霞飯店
B17028,酒水服務費,[B17]酒精性飲品,500,[AH01]阿霞飯店
B17029,酒水服務費(瓶),[B17]酒精性飲品,500,[AH01]阿霞飯店
B17030,台灣生啤(杯),[B17]酒精性飲品,80,[AH01]阿霞飯店
B17031,汀士頓12年,[B17]酒精性飲品,1280,[AH01]阿霞飯店
B17032,馬告白啤酒,[B17]酒精性飲品,180,[AH01]阿霞飯店
B17033,SHASHA果昔啤酒,[B17]酒精性飲品,190,[AH01]阿霞飯店
B17034,裸雀初次雪莉桶,[B17]酒精性飲品,1150,[AH01]阿霞飯店
B17035,阿霞自製啤酒第二瓶半價,[B17]酒精性飲品,0,[AH01]阿霞飯店
B17036,馬爹利藍淬燕,[B17]酒精性飲品,1880,[AH01]阿霞飯店
B17037,格蘭利威12年首席三桶,[B17]酒精性飲品,1380,[AH01]阿霞飯店
B17038,亞伯樂12年雙桶,[B17]酒精性飲品,1600,[AH01]阿霞飯店
B17039,大摩18年單一麥芽,[B17]酒精性飲品,12000,[AH01]阿霞飯店
B17040,開運清酒,[B17]酒精性飲品,1100,[AH01]阿霞飯店
B17041,清酒,[B17]酒精性飲品,NULL,[AH01]阿霞飯店
B17042,軒尼詩xo,[B17]酒精性飲品,6000,[AH01]阿霞飯店
B17043,葛瑪蘭經典單一麥芽威士忌,[B17]酒精性飲品,2580,[AH01]阿霞飯店
F02002,外送-招牌紅蟳米糕(小),[F02]外送平台,980,[AH01]阿霞飯店
F02003,外送-招牌紅蟳米糕(大),[F02]外送平台,1980,[AH01]阿霞飯店
F02004,外送-生炒鱔魚(小),[F02]外送平台,420,[AH01]阿霞飯店
F02005,外送-生炒鱔魚(中),[F02]外送平台,800,[AH01]阿霞飯店
F02008,外送-櫻花蝦炒飯(小),[F02]外送平台,360,[AH01]阿霞飯店
F02010,外送-烏魚子炒飯(小),[F02]外送平台,490,[AH01]阿霞飯店
F02012,外送-台式炒炊粉(小),[F02]外送平台,360,[AH01]阿霞飯店
F02014,外送-台式炒意麵(小),[F02]外送平台,360,[AH01]阿霞飯店
F02016,外送-干貝豬肚湯(單),[F02]外送平台,240,[AH01]阿霞飯店
F02017,外送-干貝豬肚湯(中),[F02]外送平台,690,[AH01]阿霞飯店
F02018,外送-蟹肉手剝蝦羹(單),[F02]外送平台,220,[AH01]阿霞飯店
F02019,外送-蟹肉手剝蝦羹(中),[F02]外送平台,690,[AH01]阿霞飯店
F02024,外送-招牌甜湯(單),[F02]外送平台,90,[AH01]阿霞飯店
F02025,外送-招牌甜湯(中),[F02]外送平台,380,[AH01]阿霞飯店
F02026,外送-烏金干貝醬,[F02]外送平台,390,[AH01]阿霞飯店
F02027,外送-櫻蝦干貝醬,[F02]外送平台,299,[AH01]阿霞飯店
F02028,外送-虱目干貝醬,[F02]外送平台,199,[AH01]阿霞飯店
F02032,外送-手工蝦棗,[F02]外送平台,220,[AH01]阿霞飯店
F02033,外送-手工粉腸,[F02]外送平台,220,[AH01]阿霞飯店
F02034,外送-自製蟳丸,[F02]外送平台,220,[AH01]阿霞飯店
F02035,外送-手工豬肝捲,[F02]外送平台,220,[AH01]阿霞飯店
F02040,外送-鹽水活蝦(小),[F02]外送平台,340,[AH01]阿霞飯店
F02042,外送-白斬雞(腿),[F02]外送平台,400,[AH01]阿霞飯店
F02043,外送-白斬雞(半),[F02]外送平台,480,[AH01]阿霞飯店
F02045,外送-煙燻鴨(腿),[F02]外送平台,340,[AH01]阿霞飯店
F02046,外送-煙燻鴨(半),[F02]外送平台,440,[AH01]阿霞飯店
F02047,外送-大腸頭,[F02]外送平台,380,[AH01]阿霞飯店
F02048,外送-滷豬腳(小),[F02]外送平台,480,[AH01]阿霞飯店
F02059,外送-生炒鱔魚麵(小),[F02]外送平台,460,[AH01]阿霞飯店
F02060,外送-生炒鱔魚麵(中),[F02]外送平台,900,[AH01]阿霞飯店
F02061,外送-季節時蔬,[F02]外送平台,290,[AH01]阿霞飯店
F02062,外送-娃娃菜(小),[F02]外送平台,180,[AH01]阿霞飯店
F02063,外送-娃娃菜(中),[F02]外送平台,380,[AH01]阿霞飯店
F02064,外送-經典三色拼盤,[F02]外送平台,660,[AH01]阿霞飯店
F02065,外送-香茅雞腿炒飯,[F02]外送平台,260,[AH01]阿霞飯店
F02071,外送-冬瓜檸檬飲,[F02]外送平台,60,[AH01]阿霞飯店
F02075,外送-避風塘金沙肋排(小),[F02]外送平台,700,[AH01]阿霞飯店
F02080,外送-五柳枝龍膽石斑(半),[F02]外送平台,880,[AH01]阿霞飯店
F02082,外送-樹子龍膽石斑(半),[F02]外送平台,880,[AH01]阿霞飯店
F02085,外送-桌菜6200(半席),[F02]外送平台,6400,[AH01]阿霞飯店
F02088,外送-錦甘蟹烏金XO醬（2入）,[F02]外送平台,499,[AH01]阿霞飯店
F02089,外送-2025錦甘蟹流心月餅6入,[F02]外送平台,599,[AH01]阿霞飯店
F02090,外送-虱目魚餅（1盒）,[F02]外送平台,200,[AH01]阿霞飯店
F02091,外送-澎湃海味沙拉,[F02]外送平台,368,[AH01]阿霞飯店
F02092,外送-三品經典沙拉,[F02]外送平台,328,[AH01]阿霞飯店
F02093,外送-雞汁嫩雞沙拉,[F02]外送平台,288,[AH01]阿霞飯店
F02094,外送-百香果昔小番茄,[F02]外送平台,200,[AH01]阿霞飯店
S02001,2025-9800桌菜,[S02]桌菜,9800,[AH01]阿霞飯店
S02002,2025-12800桌菜,[S02]桌菜,12800,[AH01]阿霞飯店
S02003,2025-15800桌菜,[S02]桌菜,15800,[AH01]阿霞飯店
S02004,2025-18800桌菜,[S02]桌菜,18800,[AH01]阿霞飯店
S02005,2025-25800桌菜,[S02]桌菜,25800,[AH01]阿霞飯店
S02006,2025-6200桌菜,[S02]桌菜,6200,[AH01]阿霞飯店
S02007,2025-8900桌菜,[S02]桌菜,8900,[AH01]阿霞飯店
S03001,三色拼盤,[S03]拼盤隨選,600,[AH01]阿霞飯店
S03002,四色拼盤,[S03]拼盤隨選,800,[AH01]阿霞飯店
S03003,經典五品拼盤,[S03]拼盤隨選,1000,[AH01]阿霞飯店
S03004,豪華六品拼盤,[S03]拼盤隨選,1400,[AH01]阿霞飯店
S04001,炭烤野生烏金2兩,[S04]拼盤單點,780,[AH01]阿霞飯店
S04002,炭烤野生烏金4兩,[S04]拼盤單點,1560,[AH01]阿霞飯店
S04003,招牌炸蝦棗,[S04]拼盤單點,NULL,[AH01]阿霞飯店
S04004,手工粉腸,[S04]拼盤單點,NULL,[AH01]阿霞飯店
S04005,老滷大腸頭,[S04]拼盤單點,340,[AH01]阿霞飯店
S04006,阿里山咖啡香腸,[S04]拼盤單點,200,[AH01]阿霞飯店
S04007,老滷豬腳(小),[S04]拼盤單點,450,[AH01]阿霞飯店
S04008,老滷豬腳(大),[S04]拼盤單點,900,[AH01]阿霞飯店
S04009,白灼豬心,[S04]拼盤單點,260,[AH01]阿霞飯店
S04010,川燙軟絲,[S04]拼盤單點,280,[AH01]阿霞飯店
S04011,五味軟絲,[S04]拼盤單點,280,[AH01]阿霞飯店
S04012,自製蟳丸,[S04]拼盤單點,NULL,[AH01]阿霞飯店
S04013,炸豬肝捲,[S04]拼盤單點,NULL,[AH01]阿霞飯店
S04014,五味九孔鮑(3顆),[S04]拼盤單點,480,[AH01]阿霞飯店
S04015,鹽水活蝦(小),[S04]拼盤單點,330,[AH01]阿霞飯店
S04016,鹽水活蝦(中),[S04]拼盤單點,660,[AH01]阿霞飯店
S04017,鹽水活蝦(大),[S04]拼盤單點,990,[AH01]阿霞飯店
S04018,手工泡菜,[S04]拼盤單點,60,[AH01]阿霞飯店
S04019,古法煙燻鴨(腿),[S04]拼盤單點,320,[AH01]阿霞飯店
S04020,古法煙燻鴨(半),[S04]拼盤單點,440,[AH01]阿霞飯店
S04021,古法煙燻鴨(全),[S04]拼盤單點,880,[AH01]阿霞飯店
S04022,白斬雞(腿),[S04]拼盤單點,360,[AH01]阿霞飯店
S04023,白斬雞(半),[S04]拼盤單點,480,[AH01]阿霞飯店
S04024,白斬雞(全),[S04]拼盤單點,950,[AH01]阿霞飯店
S04025,玉米雞(腿),[S04]拼盤單點,400,[AH01]阿霞飯店
S04026,玉米雞(半),[S04]拼盤單點,500,[AH01]阿霞飯店
S04027,玉米雞(全),[S04]拼盤單點,1000,[AH01]阿霞飯店
S04028,1.廚房當日特選,[S04]拼盤單點,NULL,[AH01]阿霞飯店
S04029,2.廚房當日特選,[S04]拼盤單點,NULL,[AH01]阿霞飯店
S04030,3.廚房當日特選,[S04]拼盤單點,NULL,[AH01]阿霞飯店
S04031,烏魚子（整匹）,[S04]拼盤單點,NULL,[AH01]阿霞飯店
S04032,一口烏（小）,[S04]拼盤單點,980,[AH01]阿霞飯店
S04033,一口烏（大）,[S04]拼盤單點,1920,[AH01]阿霞飯店
S05001,石斑,[S05]經典魚料理,1280,[AH01]阿霞飯店
S05002,黃金鯧,[S05]經典魚料理,1200,[AH01]阿霞飯店
S05003,紅鰷石斑(時價),[S05]經典魚料理,NULL,[AH01]阿霞飯店
S05004,時令鮮魚(時價),[S05]經典魚料理,NULL,[AH01]阿霞飯店
S05005,熟成虱目魚肚,[S05]經典魚料理,460,[AH01]阿霞飯店
S05006,龍膽石斑(半),[S05]經典魚料理,860,[AH01]阿霞飯店
S05007,龍膽石斑(全),[S05]經典魚料理,1720,[AH01]阿霞飯店
S06001,花菇清燉蹄筋(個人盅),[S06]羹湯料理,240,[AH01]阿霞飯店
S06002,花菇清燉蹄筋(大),[S06]羹湯料理,1480,[AH01]阿霞飯店
S06003,四寶清燉大翅(個人盅),[S06]羹湯料理,400,[AH01]阿霞飯店
S06004,四寶清燉大翅(大),[S06]羹湯料理,3000,[AH01]阿霞飯店
S06005,極品佛跳牆(個人盅),[S06]羹湯料理,660,[AH01]阿霞飯店
S06006,極品佛跳牆(小),[S06]羹湯料理,2200,[AH01]阿霞飯店
S06007,魷魚螺肉蒜(小),[S06]羹湯料理,790,[AH01]阿霞飯店
S06008,雞仔豬肚鱉(小),[S06]羹湯料理,840,[AH01]阿霞飯店
S06009,干貝豬肚湯(個人盅),[S06]羹湯料理,220,[AH01]阿霞飯店
S06010,干貝豬肚湯(小),[S06]羹湯料理,680,[AH01]阿霞飯店
S06011,干貝豬肚湯(大),[S06]羹湯料理,1380,[AH01]阿霞飯店
S06012,螺貝干貝豬肚湯(個人盅),[S06]羹湯料理,280,[AH01]阿霞飯店
S06013,螺貝干貝豬肚湯(小),[S06]羹湯料理,1260,[AH01]阿霞飯店
S06014,螺貝干貝豬肚湯(大),[S06]羹湯料理,2300,[AH01]阿霞飯店
S06015,北寄貝豬肚湯(個人盅),[S06]羹湯料理,280,[AH01]阿霞飯店
S06016,北寄貝豬肚湯(小),[S06]羹湯料理,1260,[AH01]阿霞飯店
S06017,北寄貝豬肚湯(大),[S06]羹湯料理,2300,[AH01]阿霞飯店
S06018,鮑魚豬肚湯(個人盅),[S06]羹湯料理,340,[AH01]阿霞飯店
S06019,鮑魚豬肚湯(小),[S06]羹湯料理,1400,[AH01]阿霞飯店
S06020,鮑魚豬肚湯(大),[S06]羹湯料理,2800,[AH01]阿霞飯店
S06021,蟹肉手剝蝦羹(個人盅),[S06]羹湯料理,200,[AH01]阿霞飯店
S06022,蟹肉手剝蝦羹(小),[S06]羹湯料理,680,[AH01]阿霞飯店
S06024,蟹肉手剝蝦羹(大),[S06]羹湯料理,1380,[AH01]阿霞飯店
S06025,紅燒魚翅羹(個人盅),[S06]羹湯料理,220,[AH01]阿霞飯店
S06026,紅燒魚翅羹(小),[S06]羹湯料理,800,[AH01]阿霞飯店
S06027,紅燒魚翅羹(大),[S06]羹湯料理,1500,[AH01]阿霞飯店
S07001,招牌紅蟳米糕(小),[S07]招牌菜與主食,980,[AH01]阿霞飯店
S07002,招牌紅蟳米糕(大),[S07]招牌菜與主食,1980,[AH01]阿霞飯店
S07003,野生烏金炒飯(小),[S07]招牌菜與主食,480,[AH01]阿霞飯店
S07004,野生烏金炒飯(大),[S07]招牌菜與主食,960,[AH01]阿霞飯店
S07005,清蒸紅蟳(時價),[S07]招牌菜與主食,NULL,[AH01]阿霞飯店
S07007,招牌米糕,[S07]招牌菜與主食,380,[AH01]阿霞飯店
S07008,松葉蟹櫻蝦米糕,[S07]招牌菜與主食,2380,[AH01]阿霞飯店
S07009,櫻花蝦炒飯,[S07]招牌菜與主食,320,[AH01]阿霞飯店
S07010,蝦仁蛋炒飯(小),[S07]招牌菜與主食,240,[AH01]阿霞飯店
S07011,蝦仁蛋炒飯(大),[S07]招牌菜與主食,460,[AH01]阿霞飯店
S07012,蛋炒飯,[S07]招牌菜與主食,220,[AH01]阿霞飯店
S07013,經典炒炊粉(小),[S07]招牌菜與主食,330,[AH01]阿霞飯店
S07014,經典炒炊粉(大),[S07]招牌菜與主食,660,[AH01]阿霞飯店
S07015,台式炒意麵(小),[S07]招牌菜與主食,330,[AH01]阿霞飯店
S07016,台式炒意麵((大),[S07]招牌菜與主食,660,[AH01]阿霞飯店
S70006,清蒸處女蟳(時價),[S07]招牌菜與主食,NULL,[AH01]阿霞飯店
S08001,古味南煎肝(小),[S08]熱炒手工菜,400,[AH01]阿霞飯店
S08002,古味南煎肝(大),[S08]熱炒手工菜,800,[AH01]阿霞飯店
S08003,避風塘金沙肋排(小),[S08]熱炒手工菜,680,[AH01]阿霞飯店
S08004,避風塘金沙肋排((大),[S08]熱炒手工菜,1360,[AH01]阿霞飯店
S08005,蛤蠣絲瓜(小),[S08]熱炒手工菜,400,[AH01]阿霞飯店
S08006,蛤蠣絲瓜(大),[S08]熱炒手工菜,800,[AH01]阿霞飯店
S08007,瑤柱酥絲瓜(小),[S08]熱炒手工菜,400,[AH01]阿霞飯店
S08008,瑤柱酥絲瓜(大),[S08]熱炒手工菜,800,[AH01]阿霞飯店
S08009,霞味生炒鱔魚(小),[S08]熱炒手工菜,400,[AH01]阿霞飯店
S08010,霞味生炒鱔魚(中),[S08]熱炒手工菜,800,[AH01]阿霞飯店
S08011,霞味生炒鱔魚(大),[S08]熱炒手工菜,1200,[AH01]阿霞飯店
S08012,鱔魚意麵(小),[S08]熱炒手工菜,440,[AH01]阿霞飯店
S08013,鱔魚意麵(中),[S08]熱炒手工菜,900,[AH01]阿霞飯店
S08014,鱔魚意麵(大),[S08]熱炒手工菜,1400,[AH01]阿霞飯店
S08015,桂花蟳肉(小),[S08]熱炒手工菜,420,[AH01]阿霞飯店
S08016,桂花蟳肉(中),[S08]熱炒手工菜,840,[AH01]阿霞飯店
S08017,桂花蟳肉(大),[S08]熱炒手工菜,1260,[AH01]阿霞飯店
S08018,嚴選海大蝦(小),[S08]熱炒手工菜,420,[AH01]阿霞飯店
S08019,嚴選海大蝦(中),[S08]熱炒手工菜,840,[AH01]阿霞飯店
S08020,嚴選海大蝦(大),[S08]熱炒手工菜,1260,[AH01]阿霞飯店
S08021,生炒生卷(小),[S08]熱炒手工菜,400,[AH01]阿霞飯店
S08022,生炒生卷(中),[S08]熱炒手工菜,800,[AH01]阿霞飯店
S08023,生炒生卷(大),[S08]熱炒手工菜,1200,[AH01]阿霞飯店
S08024,生卷意麵(小),[S08]熱炒手工菜,440,[AH01]阿霞飯店
S08025,生卷意麵(中),[S08]熱炒手工菜,900,[AH01]阿霞飯店
S08026,生卷意麵(大),[S08]熱炒手工菜,1400,[AH01]阿霞飯店
S08029,雞油炒時蔬,[S08]熱炒手工菜,280,[AH01]阿霞飯店
S08030,瑤柱酥娃娃菜(中),[S08]熱炒手工菜,420,[AH01]阿霞飯店
S08031,瑤柱酥娃娃菜(大),[S08]熱炒手工菜,840,[AH01]阿霞飯店
S09001,時令鮮果(小),[S09]甜點,360,[AH01]阿霞飯店
S09002,時令鮮果(大),[S09]甜點,720,[AH01]阿霞飯店
S09003,經典招牌甜湯(個人盅),[S09]甜點,80,[AH01]阿霞飯店
S09004,經典招牌甜湯(小),[S09]甜點,360,[AH01]阿霞飯店
S09005,經典招招牌甜湯(大),[S09]甜點,680,[AH01]阿霞飯店
S10001,筍乾腿庫(小),[S10]預定料理,880,[AH01]阿霞飯店
S10002,筍乾腿庫(大),[S10]預定料理,1300,[AH01]阿霞飯店
S10003,魷魚螺肉蒜,[S10]預定料理,1580,[AH01]阿霞飯店
S10004,花菇黃金雞湯,[S10]預定料理,1400,[AH01]阿霞飯店
S10005,砂鍋鴨(鐵鍋),[S10]預定料理,1350,[AH01]阿霞飯店
S10006,砂鍋鴨(袋裝),[S10]預定料理,1200,[AH01]阿霞飯店
S10007,砂鍋鴨(自備鍋),[S10]預定料理,1200,[AH01]阿霞飯店
S10008,雞仔豬肚鱉,[S10]預定料理,1680,[AH01]阿霞飯店
S10009,砂鍋鮭魚頭(鐵鍋),[S10]預定料理,1350,[AH01]阿霞飯店
S10010,花菇排翅燉雞,[S10]預定料理,2980,[AH01]阿霞飯店
S10011,鮑魚螺肉蒜,[S10]預定料理,2900,[AH01]阿霞飯店
S10012,頂級清湯佛跳牆(時價),[S10]預定料理,NULL,[AH01]阿霞飯店
S10013,波士頓龍蝦/隻(時價),[S10]預定料理,NULL,[AH01]阿霞飯店
S10014,紅燒鮑魚,[S10]預定料理,NULL,[AH01]阿霞飯店
S10015,紅燒大排翅,[S10]預定料理,NULL,[AH01]阿霞飯店
S10016,頂級鮑魚全雞湯,[S10]預定料理,NULL,[AH01]阿霞飯店
S10017,菜蟳白菜鍋(鐵鍋),[S10]預定料理,NULL,[AH01]阿霞飯店
S11001,雞腿彌月油飯,[S11]油飯,680,[AH01]阿霞飯店
S11002,紅蛋彌月油飯,[S11]油飯,540,[AH01]阿霞飯店
S11003,素食彌月油飯,[S11]油飯,420,[AH01]阿霞飯店
S11004,雞腿彌月油飯試吃,[S11]油飯,400,[AH01]阿霞飯店
S12001,野生烏金雙品,[S12]桌菜附餐,NULL,[AH01]阿霞飯店
S12002,烏金迎賓六品,[S12]桌菜附餐,NULL,[AH01]阿霞飯店
S12003,八品玲瓏喜迎客,[S12]桌菜附餐,NULL,[AH01]阿霞飯店
S12004,十全十美迎賓客,[S12]桌菜附餐,NULL,[AH01]阿霞飯店
S12005,經典五品拼盤,[S12]桌菜附餐,NULL,[AH01]阿霞飯店
S12006,豪華六品拼盤,[S12]桌菜附餐,NULL,[AH01]阿霞飯店
S12007,蒜蓉蒸大蝦,[S12]桌菜附餐,NULL,[AH01]阿霞飯店
S12008,蒜蓉蒸海龍,[S12]桌菜附餐,NULL,[AH01]阿霞飯店
S12009,鮮猛活正龍蝦,[S12]桌菜附餐,NULL,[AH01]阿霞飯店
S12010,鮮蝦炸路雙拼,[S12]桌菜附餐,NULL,[AH01]阿霞飯店
S12011,五味九孔雙拼,[S12]桌菜附餐,NULL,[AH01]阿霞飯店
S12012,避風塘金沙排,[S12]桌菜附餐,NULL,[AH01]阿霞飯店
S12013,黃金蟹肉娃菜,[S12]桌菜附餐,NULL,[AH01]阿霞飯店
S12014,筍乾老滷腿庫,[S12]桌菜附餐,NULL,[AH01]阿霞飯店
S12015,蟹肉手剝蝦羹,[S12]桌菜附餐,NULL,[AH01]阿霞飯店
S12016,海皇帶子羹,[S12]桌菜附餐,NULL,[AH01]阿霞飯店
S12017,招牌紅蟳米糕,[S12]桌菜附餐,NULL,[AH01]阿霞飯店
S12018,特製紅蟳米糕,[S12]桌菜附餐,NULL,[AH01]阿霞飯店
S12019,時令時鮮魚,[S12]桌菜附餐,NULL,[AH01]阿霞飯店
S12020,花菇干貝豬肚,[S12]桌菜附餐,NULL,[AH01]阿霞飯店
S12021,螺貝干貝豬肚,[S12]桌菜附餐,NULL,[AH01]阿霞飯店
S12022,花菇清燉蹄筋,[S12]桌菜附餐,NULL,[AH01]阿霞飯店
S12023,四寶清燉大翅,[S12]桌菜附餐,NULL,[AH01]阿霞飯店
S12024,頂級清湯佛跳牆,[S12]桌菜附餐,NULL,[AH01]阿霞飯店
S12025,霞味生炒鱔魚,[S12]桌菜附餐,NULL,[AH01]阿霞飯店
S12026,五柳枝龍膽斑,[S12]桌菜附餐,NULL,[AH01]阿霞飯店
S12027,海鮮醬炒雙脆,[S12]桌菜附餐,NULL,[AH01]阿霞飯店
S12028,精緻時令小點,[S12]桌菜附餐,NULL,[AH01]阿霞飯店
S12029,黃金高山娃菜,[S12]桌菜附餐,NULL,[AH01]阿霞飯店
S12030,寶島時令鮮果,[S12]桌菜附餐,NULL,[AH01]阿霞飯店
S12031,經典招牌甜湯,[S12]桌菜附餐,NULL,[AH01]阿霞飯店
